"LON","LAT","YEAR","MM","DD","DOY","YYYYMMDD","ALLSKY_SFC_SW_DWN","RH2M","T2M","T2MDEW","T2M_MAX","WS2M","ALLSKY_SFC_LW_DWN","PS","YEAR","T2MWET","T2M_MIN","WD50M","WS50M","ALLSKY_SFC_SW_DIFF","ALLSKY_SFC_SW_DNI","ALLSKY_SRF_ALB","CLOUD_AMT","YEAR","PRECTOTCORR","WD2M","TOA_SW_DWN","GWETPROF","TS","WD10M","WS10M","ALLSKY_KT","YEAR","ALLSKY_SFC_PAR_TOT","CLRSKY_SFC_SW_DWN","GWETROOT","QV2M","T2M_RANGE","GWETTOP","WS10M_MAX","WS10M_MIN","YEAR","WS10M_RANGE","WS50M_MAX","WS50M_MIN","ALLSKY_SFC_UVA","WS50M_RANGE","ALLSKY_SFC_UVB","ALLSKY_SFC_UV_INDEX","CDD0","YEAR","CDD18_3","CLRSKY_KT","CLRSKY_SFC_PAR_TOT","FROST_DAYS","HDD0","HDD18_3","IMERG_PRECTOT","MIDDAY_INSOL","YEAR","SNODP","SZA","TOA_SW_DNI","TS_MAX","TS_MIN","WS2M_MAX","WS2M_MIN","WS2M_RANGE","YEAR","AOD_55","PW","AIRMASS","U10M","V10M","ALLSKY_NKT","ALLSKY_SFC_LW_UP","ALLSKY_SFC_PAR_DIFF","YEAR","ALLSKY_SFC_PAR_DIRH","ALLSKY_SFC_SW_DIRH","ALLSKY_SFC_SW_UP","AOD_55_ADJ","AOD_84","CLOUD_AMT_DAY","CLOUD_AMT_NIGHT","CLOUD_OD","YEAR","CLRSKY_DAYS","CLRSKY_NKT","CLRSKY_SFC_LW_DWN","CLRSKY_SFC_LW_UP","CLRSKY_SFC_PAR_DIFF","CLRSKY_SFC_PAR_DIRH","CLRSKY_SFC_SW_DIFF","CLRSKY_SFC_SW_DIRH","YEAR","CLRSKY_SFC_SW_DNI","CLRSKY_SFC_SW_UP","CLRSKY_SRF_ALB","DISPH","EVLAND","EVPTRNS","FRSEAICE","FRSNO","YEAR","IMERG_PRECLIQUID_PROB","IMERG_PRECTOT_COUNT","ORIGINAL_ALLSKY_SFC_LW_DWN","ORIGINAL_ALLSKY_SFC_SW_DIFF","ORIGINAL_ALLSKY_SFC_SW_DIRH","ORIGINAL_ALLSKY_SFC_SW_DWN","ORIGINAL_CLRSKY_SFC_LW_DWN","ORIGINAL_CLRSKY_SFC_SW_DWN","YEAR","PBLTOP","PRECSNO","PRECSNOLAND","PSH","QV10M","RHOA","SLP","SRF_ALB_ADJ","YEAR","T10M","T10M_MAX","T10M_MIN","T10M_RANGE","TO3","TQV","TROPPB","TROPQ","YEAR","TROPT","TSOIL1","TSOIL2","TSOIL3","TSOIL4","TSOIL5","TSOIL6","TSURF","YEAR","TS_ADJ","TS_RANGE","U2M","U50M","V2M","V50M","Z0M"
108.025131,34.300369,2025,6,10,161,2025-06-10,21.54,41.91,27.61,12.11,35.06,2.07,33.75,92.5,2025,19.86,20.06,61.8,4.38,15.6,6.67,0.18,85.48,2025,0.12,63.8,41.4,0.45,28.67,70.5,3.12,0.52,2025,9.59,27.99,0.42,9.64,15,0.36,4.32,2.05,2025,2.27,7.29,3.3,1.23,3.99,0.03,1.78,27.56,2025,9.26,0.68,12.35,0,0,0,NA,70.98,2025,0,NA,71.34,40.11,19.42,2.87,0.89,1.98,2025,0.46,2.64,4.11,-0.76,-0.27,0.68,39.84,8.88,2025,0.71,5.95,3.69,0.46,0.33,94.04,71.2,1.83,2025,0,0.88,32.09,39.8,4.96,7.39,8.94,19.05,2025,25.47,4.55,0.18,0.32,2.01,0.7,0,0,2025,NA,NA,NA,19.65,1.89,NA,NA,NA,2025,80.99,0,0,0.52,9.19,1.07,100.5,0.18,2025,27.77,33.81,20.45,13.36,310.88,25.2,17.37,0.05,2025,-57.05,27.63,25.59,22.31,17.89,13.55,13.43,28.67,2025,27.17,20.69,-0.56,-0.58,-0.28,-0.31,0.06
108.025131,34.300369,2025,6,11,162,2025-06-11,26.53,36.26,29.47,11.49,37.97,1.81,33.52,92.35,2025,20.48,20.46,157.4,4.48,9.82,20.57,0.16,18.15,2025,0,136.7,41.41,0.45,30.83,145.1,2.85,0.64,2025,11.67,27.53,0.41,9.22,17.51,0.35,3.97,0.53,2025,3.44,7.74,0.78,1.46,6.96,0.04,2.19,29.21,2025,10.91,0.66,12.09,0,0,0,NA,78.98,2025,0,NA,71.34,43.95,18.96,2.91,0.43,2.48,2025,0.57,2.53,4.1,-1.12,1.61,0.84,41.77,6.18,2025,5.5,16.71,4.03,0.57,0.4,20.76,13.8,1.28,2025,0,0.87,32.93,41.76,5.45,6.64,9.78,17.75,2025,23.63,4.17,0.16,0.32,2.16,0.67,0,0,2025,NA,NA,NA,11.84,14.69,NA,NA,NA,2025,72.25,0,0,0.64,8.86,1.06,100.32,0.16,2025,29.65,36.56,22.31,14.25,307.96,24.12,13.12,0.01,2025,-61.4,29.02,26.23,22.63,18.06,13.63,13.43,30.82,2025,30.75,24.99,-0.92,-1.21,0.97,2.9,0.06
108.025131,34.300369,2025,6,12,163,2025-06-12,27.8,36.66,31.11,13.19,39,1.83,34.43,92.2,2025,22.15,22.05,186.2,4.54,7.94,25.26,0.17,24.22,2025,0,173.2,41.44,0.45,32.76,177.3,2.86,0.67,2025,12.31,28.1,0.41,10.37,16.95,0.34,3.67,1.77,2025,1.9,7.02,3.4,1.55,3.62,0.04,2.32,30.52,2025,12.22,0.68,12.44,0,0,0,NA,80.96,2025,0,NA,71.33,45.63,20.89,2.73,0.76,1.97,2025,0.49,2.69,4.09,-0.11,2.31,0.88,43,5.27,2025,7.04,19.87,4.6,0.48,0.34,13.2,42.6,1.28,2025,0,0.89,33.99,42.99,5.09,7.34,9.04,19.07,2025,25.65,4.65,0.18,0.32,2.02,0.51,0,0,2025,NA,NA,NA,9.59,18.21,NA,NA,NA,2025,72.05,0,0,0.67,9.93,1.05,100.15,0.17,2025,31.11,37.49,23.26,14.23,301.37,25.97,13.13,0,2025,-61.65,30.62,27.39,23.09,18.24,13.72,13.43,32.76,2025,33.05,24.74,-0.18,0.4,1.48,3.71,0.06
108.025131,34.300369,2025,6,13,164,2025-06-13,22.72,38.96,31.43,14.81,37.94,1.91,36.71,91.93,2025,23.12,24.66,187.9,4.69,12.38,11.53,0.16,73.79,2025,0.54,165.6,41.45,0.45,32.82,172.1,2.93,0.55,2025,10.17,26.25,0.41,11.52,13.28,0.34,5.55,0.56,2025,4.99,8.4,0.88,1.26,7.52,0.03,1.88,31.3,2025,13,0.63,11.65,0,0,0,NA,64.68,2025,0,NA,71.32,42.85,24,4.1,0.45,3.65,2025,0.59,3.57,4.08,-0.21,1.49,0.72,41.76,7.62,2025,2.55,10.36,3.4,0.59,0.42,67.44,84.37,1.99,2025,0,0.83,35.24,41.73,5.98,5.67,10.68,15.57,2025,20.91,3.83,0.16,0.33,1.9,0.32,0,0,2025,NA,NA,NA,15.78,6.94,NA,NA,NA,2025,76.5,0,0,0.55,11.2,1.04,99.84,0.16,2025,31.32,36.88,25.33,11.55,295.36,34.24,13.06,0.01,2025,-62.2,31.43,28.52,23.7,18.45,13.8,13.43,32.82,2025,30.71,18.85,-0.25,0.34,0.98,2.48,0.06
108.025131,34.300369,2025,6,14,165,2025-06-14,17.55,55.27,23.82,13.49,31.08,3.58,33.5,92.27,2025,18.66,17.8,313.1,7.34,11.84,5.06,0.18,74.06,2025,15.85,312.6,41.46,0.46,24.33,312.3,5.28,0.42,2025,7.91,26.42,0.43,10.58,13.28,0.52,9.58,2.37,2025,7.21,12.34,4.57,1.02,7.77,0.03,1.55,24.44,2025,6.14,0.64,11.59,0,0,0,NA,55.36,2025,0,NA,71.29,33.53,16.97,6.52,1.19,5.33,2025,0.83,3.04,4.07,3.77,-3.44,0.55,38.2,7.16,2025,0.75,5.71,2.93,0.83,0.56,86.54,53.26,7.53,2025,0,0.83,31.24,38.15,6.58,5.01,11.73,14.69,2025,19.43,4.24,0.18,0.33,4.52,1.16,0,0,2025,NA,NA,NA,15.44,2.11,NA,NA,NA,2025,82.56,0,0,0.42,10.12,1.08,100.39,0.18,2025,23.79,30.2,18.45,11.75,308.79,28.82,17.5,0.02,2025,-54.52,26.33,27.36,24.16,18.67,13.89,13.43,24.33,2025,24.16,16.56,2.55,5.19,-2.34,-4.85,0.06
108.025131,34.300369,2025,6,15,166,2025-06-15,30.19,37.16,24.26,6.47,32.95,2.29,28.45,92.14,2025,15.36,15.09,296.3,5.26,6.36,31.89,0.17,1.93,2025,0,297.9,41.46,0.45,25.09,298,3.48,0.73,2025,12.96,30.22,0.43,6.66,17.86,0.39,4.65,1.85,2025,2.8,6.71,3.1,1.65,3.61,0.04,2.21,24.02,2025,5.72,0.73,12.97,0,0,0,NA,87.72,2025,0,NA,71.23,37.69,14.25,3.34,0.87,2.47,2025,0.29,1.36,4.06,2.77,-1.47,0.95,39.05,4.24,2025,8.72,23.84,4.66,0.29,0.22,1.45,2.73,1.35,2025,1,0.95,28.37,39.04,4.19,8.79,7.66,22.56,2025,31.01,4.67,0.17,0.33,2.95,2.1,0,0,2025,NA,NA,NA,7.81,22.37,NA,NA,NA,2025,78.14,0,0,0.72,6.13,1.08,100.26,0.17,2025,24.46,32.04,15.75,16.29,342.27,12.79,24.75,0.03,2025,-44.82,25.05,25.08,23.93,18.89,13.98,13.43,25.09,2025,25.83,23.44,1.85,4.22,-0.98,-2.08,0.06
108.025131,34.300369,2025,6,16,167,2025-06-16,30.12,33.04,25.97,6.54,35.71,1.53,29.37,92.05,2025,16.25,15.26,298,4.19,5.51,33.59,0.17,3.63,2025,0,309.9,41.47,0.45,27.29,304.6,2.56,0.73,2025,13.01,30.14,0.42,6.64,20.45,0.37,3.76,1.58,2025,2.18,6.73,1.67,1.66,5.06,0.04,2.17,25.49,2025,7.19,0.73,13.01,0,0,0,NA,86.42,2025,0,NA,71.23,42.12,14.28,2.68,1.18,1.5,2025,0.27,1.53,4.06,0.55,-0.38,0.95,40.33,3.87,2025,9.14,24.62,4.93,0.27,0.18,0.62,8.65,1.73,2025,1,0.95,29.28,40.33,3.84,9.18,6.66,23.47,2025,32.69,4.94,0.17,0.33,2.85,1.89,0,0,2025,NA,NA,NA,6.75,23.37,NA,NA,NA,2025,78.93,0,0,0.72,6.08,1.07,100.05,0.17,2025,26.35,34.37,16.38,17.99,335.27,14.88,21.28,0.04,2025,-50.58,26.21,24.96,23.56,19.06,14.07,13.43,27.29,2025,28.12,27.84,0.45,0.75,-0.38,-0.4,0.06
108.025131,34.300369,2025,6,17,168,2025-06-17,19.77,38.14,28.71,12.31,36.51,1.6,34.89,91.83,2025,20.51,21.24,110.9,3.4,13.96,7.08,0.18,88.64,2025,0.15,105.7,41.47,0.45,28.89,106.8,2.45,0.48,2025,9,27.97,0.42,9.96,15.27,0.36,4.19,1.04,2025,3.15,4.69,1.61,1.17,3.08,0.03,1.74,28.88,2025,10.58,0.67,12.56,0,0,0,NA,62.51,2025,0,NA,71.24,41.51,18.87,3.16,0.65,2.51,2025,0.43,3.3,4.06,-2.17,0.66,0.62,40.44,8.02,2025,0.98,5.81,3.41,0.43,0.3,82.93,98.15,3.63,2025,0,0.88,33.3,40.4,4.64,7.92,8,19.97,2025,27.07,4.57,0.18,0.33,2.05,0.98,0,0,2025,NA,NA,NA,17.2,2.57,NA,NA,NA,2025,80.61,0,0,0.47,9.19,1.05,99.74,0.18,2025,29.22,35.44,22.77,12.67,303.7,34.31,13.83,0.01,2025,-61.37,27.53,25.77,23.47,19.19,14.17,13.44,28.89,2025,28.34,22.64,-1.45,-2.92,0.41,1.12,0.06
108.025131,34.300369,2025,6,18,169,2025-06-18,14.14,59.09,26.94,17.65,32.68,1.38,36.75,91.96,2025,22.29,21.8,71.9,3.15,10.62,4.06,0.2,98.48,2025,4.4,78.8,41.48,0.45,28.45,75.2,2.11,0.34,2025,6.77,26.2,0.42,13.83,10.88,0.42,3.53,0.61,2025,2.92,4.21,0.59,0.88,3.62,0.02,1.36,27.24,2025,8.94,0.63,11.85,0,0,0,NA,42.06,2025,0,NA,71.24,38.32,21.36,2.58,0.49,2.09,2025,0.76,4.57,4.06,-1.45,-0.38,0.44,39.27,6.43,2025,0.34,3.52,2.73,0.76,0.53,97.79,99.62,11.67,2025,0,0.82,34.36,39.21,6.81,5.04,11.83,14.37,2025,18.7,4.9,0.2,0.33,2.95,0.8,0,0,2025,NA,NA,NA,13.18,0.96,NA,NA,NA,2025,79.51,0,0,0.34,13.16,1.06,99.93,0.2,2025,26.75,31.37,22.06,9.31,292.07,45.46,12.48,0,2025,-67.45,27.9,26.43,23.61,19.32,14.26,13.44,28.45,2025,26.11,16.96,-0.97,-2.11,-0.19,-0.69,0.07
108.025131,34.300369,2025,6,19,170,2025-06-19,11.81,66.95,25.64,18.48,31.43,1.62,36.14,92.1,2025,22.06,21.37,36,3.54,9.56,0.54,0.19,97.49,2025,0.95,29.2,41.49,0.45,26.34,33.1,2.47,0.28,2025,5.61,25.9,0.42,14.54,10.06,0.42,4.5,0.6,2025,3.9,5.47,0.79,0.75,4.68,0.02,1.19,26.4,2025,8.1,0.62,11.63,0,0,0,NA,36.08,2025,0,NA,71.23,34.87,21.09,3.3,0.34,2.96,2025,0.8,4.68,4.06,-1.05,-1.62,0.37,36.79,5.57,2025,0.04,2.25,2.09,0.8,0.54,99.3,94.46,8.97,2025,0,0.81,33.91,36.73,7.18,4.44,12.53,13.38,2025,17.71,4.38,0.19,0.33,1.67,0.52,0,0,2025,NA,NA,NA,11.69,0.12,NA,NA,NA,2025,82.33,0,0,0.28,14.13,1.07,100.11,0.19,2025,25.68,30.52,21.74,8.78,288.59,46.21,12.09,0,2025,-69.46,26.33,25.95,23.74,19.45,14.36,13.44,26.34,2025,21.29,13.78,-0.66,-1.58,-1.18,-2.17,0.07
108.025131,34.300369,2025,6,20,171,2025-06-20,11.65,62.7,26,17.76,31.32,1.75,35.58,92.31,2025,21.88,21.37,10.8,3.36,9.19,1.06,0.18,97.29,2025,2.36,18.9,41.49,0.45,26.8,15.6,2.55,0.28,2025,5.57,27.13,0.42,13.88,9.95,0.41,4.72,0.52,2025,4.2,5.46,0.76,0.76,4.7,0.02,1.18,26.35,2025,8.05,0.65,12.21,0,0,0,NA,31.6,2025,0,NA,71.22,36.21,20.92,3.39,0.26,3.13,2025,0.6,4.19,4.06,-0.48,-1.72,0.37,38.68,5.45,2025,0.11,2.46,1.98,0.6,0.4,98.31,95.59,10.4,2025,0,0.85,33.52,38.63,6.19,6.02,10.59,16.54,2025,21.95,4.46,0.18,0.33,1.98,0.57,0,0,2025,NA,NA,NA,11.34,0.31,NA,NA,NA,2025,83,0,0,0.28,13.61,1.07,100.35,0.18,2025,25.92,30.22,21.84,8.38,289.98,42.03,11.92,0,2025,-68.11,26.5,25.65,23.7,19.57,14.45,13.44,26.79,2025,25.01,15.29,-0.41,-0.43,-1.2,-2.28,0.07
108.025131,34.300369,2025,6,21,172,2025-06-21,23.41,59.77,27.13,17.55,33.43,1.59,34.98,92.41,2025,22.34,19.51,84.1,3.13,10.68,15.37,0.16,58.87,2025,0.71,86.3,41.49,0.45,28.82,85.5,2.38,0.56,2025,10.5,26.71,0.42,13.66,13.92,0.4,4.28,0.88,2025,3.4,4.92,1.35,1.33,3.57,0.04,2.1,26.47,2025,8.17,0.64,11.87,0,0,0,NA,70.45,2025,0,NA,71.19,39.25,18.92,3.21,0.47,2.74,2025,0.74,3.69,4.06,-1.61,-0.13,0.74,40.85,6.94,2025,3.56,12.74,3.3,0.74,0.49,44.56,82.71,2.26,2025,0,0.84,33.78,40.82,6.21,5.66,10.67,16.04,2025,20.81,3.69,0.16,0.33,2.45,1.07,0,0,2025,NA,NA,NA,13.33,10.08,NA,NA,NA,2025,82.57,0,0,0.56,13.24,1.07,100.45,0.16,2025,27,31.99,20.36,11.63,292.09,36.19,11.39,0,2025,-67.44,27.42,25.67,23.65,19.68,14.54,13.44,28.82,2025,29.02,20.33,-1.18,-1.96,-0.08,-0.2,0.07
108.025131,34.300369,2025,6,22,173,2025-06-22,17.7,60.93,25.91,17.2,31.49,1.59,35.74,92.41,2025,21.56,20.45,111.9,3.09,12.16,4,0.18,96.12,2025,2.23,102.6,41.48,0.45,26.44,103,2.31,0.43,2025,8.15,27.46,0.42,13.38,11.04,0.41,4.96,0.75,2025,4.21,5.88,1.03,1.08,4.85,0.03,1.75,25.97,2025,7.67,0.66,12.38,0,0,0,NA,65.66,2025,0,NA,71.21,34.1,19.66,3.64,0.41,3.23,2025,0.48,3.97,4.07,-0.86,0.2,0.56,41.03,7.52,2025,0.63,5.55,3.04,0.48,0.32,95.88,96.53,10.95,2025,0,0.86,33.28,40.97,5.58,6.8,9.43,18.04,2025,24.3,4.55,0.18,0.33,1.97,0.43,0,0,2025,NA,NA,NA,16.08,1.62,NA,NA,NA,2025,81.8,0,0,0.43,12.95,1.07,100.48,0.18,2025,25.83,30.82,21.17,9.65,293.09,39.81,15.39,0.05,2025,-59.01,26.75,26.16,23.76,19.79,14.64,13.44,26.44,2025,29.44,14.44,-0.68,-0.8,0.15,0.32,0.07
108.025131,34.300369,2025,6,23,174,2025-06-23,25.5,50.11,26.29,13.69,33.15,1.76,33.95,92.22,2025,19.99,18.67,81.4,3.77,10.04,18.56,0.16,65.2,2025,0.3,82.3,41.47,0.45,27.85,79.9,2.67,0.61,2025,11.4,27.57,0.42,10.7,14.48,0.39,5.06,0.67,2025,4.39,5.92,1.05,1.44,4.87,0.04,2.05,25.91,2025,7.61,0.66,12.24,0,0,0,NA,73.76,2025,0,NA,71.16,39.01,17.81,3.65,0.53,3.12,2025,0.44,3.17,4.07,-1.86,-0.33,0.8,39.99,6.46,2025,4.94,15.46,3.73,0.44,0.3,47.9,94.01,3.28,2025,0,0.87,32.13,39.95,5.39,6.85,9.15,18.42,2025,25.17,4.01,0.16,0.33,2.35,0.98,0,0,2025,NA,NA,NA,12.38,13.12,NA,NA,NA,2025,77.51,0,0,0.61,10.37,1.07,100.31,0.16,2025,26.18,31.64,19.6,12.04,310.86,31.64,21.47,0.1,2025,-48.11,26.75,25.5,23.74,19.88,14.73,13.44,27.85,2025,27.45,21.2,-1.34,-2.48,-0.18,-0.37,0.07
108.025131,34.300369,2025,6,24,175,2025-06-24,11.26,49.96,25.24,13.53,30.56,1.62,34.32,92.46,2025,19.38,20.41,96.3,3.39,9.22,0.15,0.18,99.77,2025,1.78,87.2,41.46,0.45,25.44,90.2,2.45,0.27,2025,5.17,23.85,0.42,10.55,10.15,0.39,4.6,0.22,2025,4.38,5.31,0.35,0.63,4.96,0.02,0.93,25.48,2025,7.18,0.58,10.12,0,0,0,NA,31.69,2025,0,NA,71.18,34.47,19.54,3.43,0.13,3.3,2025,0.96,3.46,4.08,-1.72,0.01,0.35,38.5,5.16,2025,0.01,2.04,2.03,0.96,0.64,99.76,99.78,10.37,2025,0,0.75,31.88,38.44,6.67,3.45,12.09,11.75,2025,15.71,4.1,0.19,0.33,1.39,0.39,0,0,2025,NA,NA,NA,11.23,0.03,NA,NA,NA,2025,80.57,0,0,0.27,9.83,1.07,100.56,0.18,2025,25.43,29.45,21.17,8.28,290.25,34.84,15.08,0.02,2025,-64.41,25.88,25.67,23.76,19.98,14.82,13.44,25.44,2025,24.71,14.93,-1.26,-2.01,-0.06,0.22,0.07
108.025131,34.300369,2025,6,25,176,2025-06-25,8.94,74.94,20.26,15.52,23.85,1.56,33.43,92.68,2025,17.89,18.11,81.9,3.3,7.11,0.48,0.18,98.01,2025,7.26,85.3,41.44,0.45,20.8,84.5,2.32,0.22,2025,4.32,26.69,0.43,11.91,5.74,0.49,4.17,0.82,2025,3.35,5.83,1.15,0.61,4.68,0.02,1.04,20.98,2025,2.68,0.64,11.84,0,0,0,NA,24.9,2025,0,NA,71.19,27.72,16.51,3.11,0.54,2.57,2025,0.69,3.72,4.09,-1.36,-0.13,0.28,35.78,4.28,2025,0.04,1.83,1.55,0.69,0.46,99.63,95.31,22.03,2025,0,0.84,30.33,35.7,6.98,4.86,12,14.69,2025,19.63,4.49,0.19,0.33,2.16,0.31,0,0,2025,NA,NA,NA,8.82,0.12,NA,NA,NA,2025,83.73,0,0,0.21,11.54,1.09,100.87,0.18,2025,20.25,22.94,18.32,4.62,291.27,37.94,16.4,0.03,2025,-60.41,22.35,24.06,23.59,20.06,14.92,13.44,20.8,2025,19.3,11.21,-0.99,-1.41,-0.08,-0.2,0.07
108.025131,34.300369,2025,6,26,177,2025-06-26,23.42,59.93,23.83,14.65,31.58,1.2,33.57,92.4,2025,19.24,16.33,110,2.39,10.38,15.59,0.15,57.16,2025,0.13,104.9,41.43,0.45,25.87,106.2,1.78,0.57,2025,10.48,26.93,0.43,11.29,15.25,0.41,4.32,0.42,2025,3.9,7.41,0.06,1.33,7.35,0.03,1.89,23.96,2025,5.66,0.65,11.94,0,0,0,NA,74.41,2025,0,NA,71.18,37.96,15.24,2.92,0.35,2.57,2025,0.58,3.35,4.1,-1.46,0.42,0.74,39.07,6.66,2025,3.83,13.04,3.22,0.58,0.38,48.52,71.58,3.55,2025,0,0.85,31.68,39.03,6.03,5.91,10.25,16.69,2025,22.18,3.64,0.15,0.33,2.43,1.65,0,0,2025,NA,NA,NA,12.8,10.62,NA,NA,NA,2025,81.17,0,0,0.56,11.07,1.08,100.48,0.15,2025,23.53,30.33,17.24,13.09,312.7,33.68,20.16,0.06,2025,-49.77,24.52,23.28,23.1,20.11,15.01,13.44,25.87,2025,25.62,22.72,-1,-1.91,0.27,0.69,0.07
108.025131,34.300369,2025,6,27,178,2025-06-27,22.77,53.36,26.97,15.85,34.15,1.16,35.33,91.99,2025,21.41,19.29,195.6,2.88,9.94,15.2,0.17,67.4,2025,2.35,190.6,41.41,0.45,28.18,189.8,1.76,0.55,2025,10.37,27.67,0.43,12.32,14.86,0.4,3.7,0.15,2025,3.55,6.66,0.29,1.36,6.37,0.04,2.17,26.72,2025,8.42,0.67,12.45,0,0,0,NA,67.43,2025,0,NA,71.18,39.14,17.84,2.51,0.06,2.45,2025,0.51,3.78,4.11,0.2,1.17,0.72,41.02,6.24,2025,4.13,12.83,3.79,0.51,0.33,60.92,78.21,4.94,2025,0,0.87,33.47,40.98,5.81,6.64,9.84,17.83,2025,23.87,4.56,0.18,0.33,3,1.51,0,0,2025,NA,NA,NA,12.44,10.33,NA,NA,NA,2025,79.61,0,0,0.55,11.89,1.06,99.97,0.17,2025,26.87,33.32,19.97,13.35,300.29,37.1,13.05,0.01,2025,-62.39,26.58,24.6,22.95,20.13,15.1,13.44,28.18,2025,29.23,21.3,0.15,0.54,0.8,1.92,0.07
108.025131,34.300369,2025,6,28,179,2025-06-28,28.32,53.7,28.71,17.35,35.42,1.95,34.88,91.72,2025,23.03,22.46,98.1,4.51,7.2,27.79,0.17,19.75,2025,2.24,80.4,41.39,0.45,30.06,81.6,2.91,0.68,2025,12.88,28.71,0.43,13.6,12.96,0.41,4.55,0.17,2025,4.38,7.23,0.35,1.66,6.88,0.04,2.4,28.94,2025,10.64,0.69,13.04,0,0,0,NA,83.3,2025,0,NA,71.18,40.82,21.61,3.22,0.14,3.08,2025,0.32,3.93,4.13,-0.69,-0.1,0.9,41.76,4.98,2025,7.9,21.13,4.61,0.33,0.21,11.7,33.15,2.11,2025,0,0.91,34.49,41.75,4.76,8.28,7.85,20.86,2025,28.85,4.68,0.18,0.33,3.2,1.58,0,0,2025,NA,NA,NA,8.51,19.82,NA,NA,NA,2025,78.12,0,0,0.68,13.23,1.05,99.64,0.17,2025,28.5,34.41,23.02,11.39,317.46,38.7,21.27,0.11,2025,-46.72,28.59,26.09,23.2,20.16,15.19,13.44,30.06,2025,30.71,19.21,-0.52,-0.63,-0.09,0.09,0.07
108.025131,34.300369,2025,6,29,180,2025-06-29,24.57,62.49,28.52,19.74,35.52,1.38,36.31,91.69,2025,24.13,21.84,95.7,2.93,10.24,16.96,0.16,55.32,2025,5.57,102,41.37,0.45,29.67,98,2.05,0.59,2025,11.22,27.46,0.43,15.85,13.68,0.43,4.1,0.14,2025,3.96,5.05,0.32,1.45,4.73,0.04,2.22,28.68,2025,10.38,0.66,12.48,0,0,0,NA,75.7,2025,0,NA,66.41,40.54,21.19,3,0.04,2.96,2025,0.5,4.45,2.51,-1.47,0.21,0.69,41.69,6.76,2025,4.46,14.33,3.91,0.51,0.33,46.42,67.78,3.71,2025,0,0.77,35.28,41.66,5.55,6.93,9.27,18.18,2025,24.27,4.35,0.16,0.33,3.01,1.18,0,0,2025,NA,NA,NA,12.91,11.66,NA,NA,NA,2025,80.3,0,0,0.59,15.18,1.05,99.61,0.16,2025,28.4,34.37,22.39,11.98,296.66,43.7,15.71,0.02,2025,-57.85,28.75,26.87,23.64,20.21,15.28,13.45,29.66,2025,30.63,19.35,-1,-1.91,0.21,0.19,0.07
108.025131,34.300369,2025,6,30,181,2025-06-30,8.46,78,23,18.68,27.91,1.94,34.59,92.17,2025,20.84,19.5,339.4,4.09,6.81,0.6,0.17,83.29,2025,24.39,333.9,41.34,0.46,23.69,335,2.88,0.2,2025,4.14,26.65,0.47,14.68,8.41,0.62,5.13,0.27,2025,4.86,7.4,0.23,0.58,7.17,0.01,0.86,23.7,2025,5.4,0.64,11.99,0,0,0,NA,26.11,2025,0,NA,66.42,31.39,19.32,3.42,0.23,3.19,2025,0.77,4.28,2.52,0.51,-1.1,0.24,37.35,4.11,2025,0.03,1.66,1.47,0.77,0.51,96.36,64.99,19.07,2025,0,0.75,32.76,37.3,6.88,5.11,11.87,14.78,2025,19.23,4.45,0.18,0.33,4.24,2.88,0,0,2025,NA,NA,NA,8.33,0.13,NA,NA,NA,2025,84.5,0,0,0.2,14.17,1.08,100.22,0.17,2025,22.91,27.27,19.62,7.65,301.61,41.17,13.2,0,2025,-63.81,25.04,25.94,23.94,20.29,15.36,13.45,23.69,2025,22.5,12.07,0.37,0.56,-0.76,-1.5,0.07
108.025131,34.300369,2025,7,1,182,2025-07-01,21.64,75.81,24.56,19.59,29.99,1.51,35.2,92.2,2025,22.08,18.08,69.6,3.27,12.8,10.32,0.16,71.07,2025,1.33,73.6,41.31,0.46,25.74,71.2,2.28,0.52,2025,9.89,27.69,0.47,15.57,11.91,0.47,4.08,1.22,2025,2.86,5.55,1.6,1.3,3.95,0.03,1.98,24.04,2025,5.74,0.67,12.54,0,0,0,NA,59.65,2025,0,NA,66.41,34,17.84,2.86,0.62,2.24,2025,0.51,4.02,2.52,-2.03,-0.69,0.61,38.93,8.12,2025,1.77,8.83,3.48,0.51,0.34,77.62,61.91,2.66,2025,0,0.78,33.73,38.89,5.29,7.25,8.92,18.77,2025,24.92,4.27,0.16,0.33,3.94,4.73,0,0,2025,NA,NA,NA,16.96,4.68,NA,NA,NA,2025,82.75,0,0,0.52,15.15,1.07,100.2,0.16,2025,24.41,29.22,18.48,10.74,297.54,39.29,11.51,0,2025,-68.18,25.08,24.64,23.77,20.37,15.45,13.45,25.74,2025,25.52,16.16,-1.38,-2.81,-0.41,-1.04,0.07
108.025131,34.300369,2025,7,2,183,2025-07-02,17.51,69.98,27.07,20.67,32.09,1.27,36.9,92.12,2025,23.87,22.53,178.9,2.69,12.54,3.61,0.18,96.24,2025,7.5,179.2,41.28,0.46,26.39,177.5,1.91,0.42,2025,8.15,28.03,0.47,16.65,9.56,0.52,4.25,0.29,2025,3.96,5.38,0.42,1.11,4.96,0.03,1.8,27.31,2025,9.01,0.68,12.89,0,0,0,NA,55.49,2025,0,NA,66.42,32.98,20.95,3.07,0.15,2.92,2025,0.42,4.7,2.53,-0.07,1.66,0.49,39.17,7.62,2025,0.54,4.98,3.08,0.42,0.28,96.48,95.91,6.98,2025,0,0.79,34.92,39.12,5.02,7.87,8.44,19.59,2025,26.92,4.71,0.18,0.33,3.92,3.12,0,0,2025,NA,NA,NA,16.18,1.33,NA,NA,NA,2025,84.89,0,0,0.42,15.69,1.06,100.06,0.18,2025,27.56,31.86,23.03,8.83,282.73,45.38,12.04,0.01,2025,-69.07,25.82,24.93,23.61,20.43,15.53,13.45,26.39,2025,25.97,12.03,-0.02,-0.05,1.11,2.34,0.07
108.025131,34.300369,2025,7,3,184,2025-07-03,11.89,71.6,27.84,21.92,32.42,0.66,37.23,92.1,2025,24.88,23.53,109.8,1.65,9.58,0.5,0.18,91.44,2025,4.48,125.5,41.25,0.47,27.56,106.5,1.07,0.29,2025,5.77,26.2,0.47,18,8.89,0.52,1.6,0.57,2025,1.03,2.8,0.77,0.79,2.03,0.02,1.3,27.98,2025,9.68,0.64,11.98,0,0,0,NA,38.64,2025,0,NA,66.42,33.63,22.29,1.22,0.26,0.96,2025,0.63,5.61,2.53,-0.41,0.12,0.33,40.1,5.73,2025,0.04,2.31,2.14,0.63,0.41,99.14,80.66,7.19,2025,0,0.74,35.99,40.07,7.42,4.56,12.52,13.69,2025,18.74,4.5,0.18,0.33,3.02,2.78,0,0,2025,NA,NA,NA,11.76,0.13,NA,NA,NA,2025,83.84,0,0,0.29,16.91,1.05,100.02,0.18,2025,28.23,32.19,24.18,8.01,273.87,56.56,11.99,0.01,2025,-70.94,26.8,25.43,23.6,20.48,15.62,13.45,27.56,2025,27.76,11.34,-0.23,-0.58,0.16,0.21,0.07
108.025131,34.300369,2025,7,4,185,2025-07-04,22.53,67.14,27.17,19.74,36.48,2.67,36.65,92.11,2025,23.45,19.7,284.7,5.38,9.48,15.5,0.17,51.46,2025,8.96,276.1,41.21,0.47,27.67,280.5,3.93,0.55,2025,10.46,27.91,0.47,15.8,16.78,0.52,9.17,1.42,2025,7.75,11.99,2.26,1.39,9.73,0.04,2.4,28.09,2025,9.79,0.68,12.83,0,0,0,NA,75.83,2025,0,NA,66.42,39.22,19.22,6.23,0.64,5.59,2025,0.41,4.74,2.54,1.86,-0.35,0.64,41.12,6.25,2025,4.22,13.05,3.57,0.41,0.27,51.41,51.53,6.07,2025,0,0.79,35.05,41.08,5.03,7.81,8.25,19.66,2025,26.53,4.44,0.17,0.33,6.25,6.63,0,0,2025,NA,NA,NA,11.94,10.6,NA,NA,NA,2025,83.04,0,0,0.54,15.23,1.06,100.04,0.17,2025,27.18,35.76,19.95,15.81,277.24,46.98,10.99,0.01,2025,-73.34,27.4,25.98,23.73,20.53,15.7,13.45,27.67,2025,29.54,20,1.35,2.47,-0.14,-0.65,0.07
108.025131,34.300369,2025,7,5,186,2025-07-05,25.44,57.77,25.58,15.86,31.75,1.68,34.94,92.46,2025,20.72,17.98,312.1,3.45,9.22,21.42,0.17,58.23,2025,0.08,317.3,41.17,0.47,26.43,314.7,2.45,0.62,2025,11.7,28.68,0.47,12.23,13.77,0.46,4.52,0.89,2025,3.63,6.45,1.33,1.54,5.12,0.04,2.57,24.86,2025,6.56,0.7,13.13,0,0,0,NA,77.35,2025,0,NA,66.41,36.32,17.46,3.29,0.51,2.78,2025,0.31,3.97,2.55,1.63,-1.61,0.72,39.76,5.9,2025,5.81,16.23,4.09,0.31,0.21,47.27,73.58,2.98,2025,0,0.81,33.18,39.72,4.13,9,6.96,21.72,2025,29.94,4.55,0.17,0.33,4.86,7.05,0,0,2025,NA,NA,NA,11.56,13.89,NA,NA,NA,2025,83.37,0,0,0.61,11.42,1.07,100.52,0.17,2025,25.63,30.79,18.48,12.31,289.65,38.64,11.73,0.01,2025,-72.15,25.87,25.4,23.83,20.59,15.79,13.45,26.43,2025,27,18.86,1.07,2.39,-1.16,-2.15,0.07
108.025131,34.300369,2025,7,6,187,2025-07-06,20.13,66.05,26.97,19.88,31.56,0.71,36.37,92.24,2025,23.43,22.46,108.6,1.59,11.93,10.15,0.17,83.75,2025,5.76,100.2,41.13,0.47,27.11,93.1,1.11,0.49,2025,9.4,27.9,0.47,15.86,9.1,0.5,2.15,0.46,2025,1.69,2.83,0.51,1.25,2.32,0.03,1.93,27.01,2025,8.71,0.68,12.87,0,0,0,NA,43.22,2025,0,NA,66.42,34.78,21.08,1.59,0.26,1.33,2025,0.32,4.81,2.56,-0.28,0.02,0.57,40.03,7.54,2025,1.86,8.2,3.35,0.32,0.22,78.29,91.39,3.42,2025,0,0.79,34.83,39.99,4.42,8.44,7.45,20.45,2025,28.28,4.46,0.17,0.33,3.76,3.28,0,0,2025,NA,NA,NA,15.59,4.55,NA,NA,NA,2025,80.53,0,0,0.48,14.77,1.06,100.22,0.17,2025,27.28,31.05,23.43,7.62,290.9,48.18,11.85,0.01,2025,-68.94,26.55,25.58,23.83,20.65,15.87,13.45,27.11,2025,27.57,13.7,-0.16,-0.44,0.03,0.15,0.07
108.025131,34.300369,2025,7,7,188,2025-07-07,14.04,67.95,25.97,18.92,31.49,1.63,36.26,91.98,2025,22.44,21.96,196,3.86,10.11,3.36,0.17,96.72,2025,8.19,193.5,41.08,0.47,26.07,194.6,2.48,0.34,2025,6.49,27.96,0.47,14.99,9.53,0.52,4.86,0.57,2025,4.29,5.96,0.95,0.9,5.01,0.02,1.42,26.73,2025,8.43,0.68,12.68,0,0,0,NA,39.02,2025,0,NA,66.41,33.41,21.05,3.57,0.27,3.3,2025,0.39,4.32,2.57,0.55,2.11,0.4,38.75,6.09,2025,0.4,3.93,2.42,0.39,0.26,95.06,99.04,9.85,2025,0,0.79,33.62,38.69,4.93,7.74,8.29,19.67,2025,26.73,4.6,0.17,0.33,4.48,3.61,0,0,2025,NA,NA,NA,13,1.05,NA,NA,NA,2025,85.49,0,0,0.34,14.17,1.06,99.94,0.17,2025,26.15,30.97,22.46,8.51,292.43,41.29,12.13,0.01,2025,-65.99,26.01,25.51,23.87,20.71,15.95,13.46,26.07,2025,25.21,12.36,0.34,0.92,1.43,3.23,0.07
108.025131,34.300369,2025,7,8,189,2025-07-08,14.68,90.64,23.24,21.6,26.44,1.81,36.1,92,2025,22.42,20.51,68.9,3.56,11.23,1.42,0.18,95.64,2025,26.67,63.7,41.03,0.48,23.15,64.9,2.66,0.36,2025,6.93,25.9,0.5,17.68,5.93,0.65,5.54,0.37,2025,5.17,6.83,0.47,0.94,6.36,0.03,1.5,23.48,2025,5.18,0.63,11.82,0,0,0,NA,43.44,2025,0,NA,66.41,27.05,20.28,3.86,0.22,3.64,2025,0.96,5.4,2.58,-2.29,-1.07,0.42,39.52,6.81,2025,0.12,3.45,2.63,0.96,0.62,97.55,92.97,6.62,2025,0,0.74,34.21,39.47,7.33,4.49,12.47,13.43,2025,17.25,4.43,0.19,0.33,2,0.78,0,0,2025,NA,NA,NA,14.29,0.39,NA,NA,NA,2025,87.69,0,0,0.35,17.39,1.07,99.97,0.18,2025,23.32,26.25,20.66,5.59,291,51.57,14.28,0.02,2025,-62.79,23.8,24.6,23.8,20.76,16.03,13.46,23.15,2025,26.68,6.77,-1.56,-3.08,-0.77,-1.19,0.07
108.025131,34.300369,2025,7,9,190,2025-07-09,18.18,77.33,25.65,20.81,31.95,1.26,36.4,92.23,2025,23.23,20.38,35.4,3.09,12.2,4.18,0.17,92.75,2025,2.79,348.8,40.98,0.48,26.44,8.1,1.98,0.44,2025,8.31,25.92,0.52,16.76,11.57,0.56,2.84,0.54,2025,2.3,5.69,0.44,1.08,5.25,0.03,1.71,26.17,2025,7.87,0.63,11.6,0,0,0,NA,59.31,2025,0,NA,66.41,35.49,19.91,2.06,0.43,1.63,2025,0.73,4.42,2.59,-0.06,-0.45,0.52,40.21,7.72,2025,0.59,5.98,2.97,0.73,0.48,93.46,91.76,4.01,2025,0,0.74,34.47,40.16,7.34,4.26,12.49,13.42,2025,18.32,4.14,0.18,0.33,5.71,7.99,0,0,2025,NA,NA,NA,16.36,1.82,NA,NA,NA,2025,84.69,0,0,0.44,16.13,1.07,100.22,0.17,2025,25.69,31.38,20.98,10.4,291.79,39.55,11.84,0,2025,-68.94,25.56,24.34,23.53,20.8,16.11,13.46,26.43,2025,27.89,15.58,0.05,-0.49,-0.27,-0.69,0.07
108.025131,34.300369,2025,7,10,191,2025-07-10,20.74,80.57,25.34,21.44,29.75,2.62,36.07,92.42,2025,23.39,21.42,85.4,5.45,12.27,8.92,0.16,84.03,2025,2.52,88.7,40.93,0.48,25.93,86.9,3.93,0.51,2025,9.61,26.85,0.5,17.38,8.33,0.52,6.76,1.52,2025,5.24,7.78,2.76,1.27,5.02,0.03,2.02,25.58,2025,7.28,0.66,12.29,0,0,0,NA,63.56,2025,0,NA,66.4,32.37,21.01,4.86,0.67,4.19,2025,0.6,4.74,2.61,-3.78,-0.2,0.59,41.2,8.05,2025,1.57,8.47,3.1,0.6,0.4,79.01,91.07,3.3,2025,0,0.77,34.47,41.16,5.94,6.35,9.94,16.9,2025,23.02,3.95,0.16,0.33,4.68,5.57,0,0,2025,NA,NA,NA,16.41,4.33,NA,NA,NA,2025,85.32,0,0,0.5,17.02,1.07,100.41,0.16,2025,25.28,28.96,21.98,6.98,292.42,45.31,13.8,0.01,2025,-63.95,25.53,24.84,23.48,20.82,16.18,13.46,25.93,2025,29.82,11.36,-2.54,-5.21,-0.06,-0.42,0.07
108.025131,34.300369,2025,7,11,192,2025-07-11,21.91,81.4,25.63,21.97,29.19,2.49,36.01,92.53,2025,23.8,21.61,84.1,5.43,12.57,9.47,0.14,61.74,2025,1.25,87.1,40.87,0.48,25.91,86,3.79,0.54,2025,10.07,25.64,0.49,17.95,7.58,0.5,6.98,1.72,2025,5.26,8.24,3.53,1.3,4.71,0.04,2.07,25.4,2025,7.1,0.63,11.64,0,0,0,NA,62.63,2025,0,NA,66.41,30.95,21.34,4.9,0.9,4,2025,0.87,5.14,2.62,-3.65,-0.25,0.63,41.04,8.36,2025,1.71,9.35,2.9,0.87,0.56,66.08,55.66,2.38,2025,0,0.73,34.74,41.01,7.03,4.61,11.83,13.81,2025,17.83,3.28,0.14,0.33,3.04,3.76,0,0,2025,NA,NA,NA,16.73,5.18,NA,NA,NA,2025,88.09,0,0,0.53,17.64,1.07,100.51,0.14,2025,25.68,28.56,21.9,6.66,290.48,50.93,11.85,0,2025,-67.84,25.53,24.88,23.5,20.85,16.26,13.46,25.91,2025,29.5,9.61,-2.4,-5.17,-0.12,-0.53,0.07
108.025131,34.300369,2025,7,12,193,2025-07-12,24.54,72.06,26.94,20.92,32.39,2.29,35.45,92.62,2025,23.93,21.62,91.1,4.86,9.5,18.94,0.15,25.19,2025,0.7,92.6,40.82,0.48,27.68,91.9,3.42,0.6,2025,11.14,26.64,0.48,16.79,10.77,0.47,5.09,1.91,2025,3.18,7.13,3.15,1.41,3.98,0.04,2.29,27.01,2025,8.71,0.65,12.02,0,0,0,NA,73.85,2025,0,NA,66.41,35.65,21.11,3.69,0.94,2.75,2025,0.54,4.24,2.63,-3.33,0.11,0.7,41.71,6.45,2025,4.69,15.04,3.38,0.54,0.35,30.1,18.31,3.15,2025,0,0.76,34.61,41.69,5.62,6.4,9.35,17.3,2025,23.23,3.62,0.15,0.33,4.94,6.94,0,0,2025,NA,NA,NA,11.9,12.64,NA,NA,NA,2025,83.27,0,0,0.59,16.34,1.07,100.62,0.15,2025,26.89,31.56,22.19,9.37,286.01,43.75,11.53,0,2025,-68.42,26.65,25.14,23.52,20.87,16.34,13.46,27.68,2025,30.79,14.54,-2.23,-4.69,0.1,0.09,0.07
108.025131,34.300369,2025,7,13,194,2025-07-13,26.72,62.35,28.2,19.51,34.39,1.64,35.28,92.41,2025,23.85,22.01,86.8,3.47,8.07,24.05,0.16,25.94,2025,0.01,89.8,40.75,0.48,28.94,87.9,2.47,0.66,2025,12.01,27.37,0.47,15.44,12.38,0.44,4.46,0.85,2025,3.61,6.27,0.93,1.52,5.34,0.04,2.48,28.2,2025,9.9,0.67,12.3,0,0,0,NA,80.17,2025,0,NA,66.41,37.62,21.08,3.23,0.49,2.74,2025,0.42,3.65,2.65,-2.38,-0.09,0.77,42.07,5.46,2025,6.56,18.65,4.03,0.42,0.28,17.57,37.65,1.64,2025,0,0.79,34.63,42.06,5.06,7.24,8.5,18.87,2025,25.53,4.12,0.16,0.33,4.77,7.17,0,0,2025,NA,NA,NA,9.65,17.07,NA,NA,NA,2025,83.77,0,0,0.64,14.84,1.06,100.36,0.16,2025,28.23,33.64,22.77,10.87,288.02,36.87,10.4,0,2025,-71.37,27.81,25.94,23.69,20.9,16.41,13.47,28.94,2025,31.4,16.54,-1.59,-3.32,-0.01,-0.19,0.07
108.025131,34.300369,2025,7,14,195,2025-07-14,27.04,54.79,31.03,20.13,38.12,1.18,36.89,91.93,2025,25.58,23.47,159.6,2.69,6.92,27.11,0.16,16.8,2025,0,152,40.69,0.47,31.75,154.2,1.85,0.66,2025,12.43,27.86,0.46,16.12,14.65,0.41,3.29,0.8,2025,2.49,4.9,1.1,1.61,3.8,0.04,2.59,30.79,2025,12.49,0.68,12.8,0,0,0,NA,80.52,2025,0,NA,66.41,42.07,21.71,2.45,0.52,1.93,2025,0.3,4.22,2.67,-0.59,1.22,0.78,43.5,4.65,2025,7.78,20.12,4.27,0.3,0.21,14.1,20.59,3.5,2025,0,0.8,36.38,43.48,4.26,8.54,7.12,20.74,2025,28.6,4.39,0.17,0.33,4.72,6.5,0,0,2025,NA,NA,NA,8.17,18.87,NA,NA,NA,2025,80.67,0,0,0.65,15.26,1.04,99.79,0.16,2025,31.26,37.38,24.65,12.73,287.14,42.32,10.6,0.01,2025,-72.76,29.79,26.96,24,20.95,16.48,13.47,31.75,2025,33.84,20.36,-0.42,-0.7,0.78,1.88,0.07
108.025131,34.300369,2025,7,15,196,2025-07-15,24.26,50.96,32.98,20.66,39.92,1.35,38.08,91.56,2025,26.82,25.32,199.7,3.51,11.41,16.76,0.15,34,2025,0.04,195.3,40.63,0.47,34.12,195.6,2.2,0.6,2025,11.23,26.6,0.45,16.73,14.6,0.39,3.56,0.86,2025,2.7,5.55,0.83,1.44,4.72,0.04,2.28,32.62,2025,14.32,0.65,12.26,0,0,0,NA,71.74,2025,0,NA,66.42,44.95,24.6,2.62,0.67,1.95,2025,0.39,5.11,2.68,0.26,0.93,0.7,43.96,7.45,2025,3.77,12.86,3.38,0.39,0.29,53.91,6.11,1.45,2025,0,0.77,37.65,43.95,5.1,7.16,8.93,17.67,2025,24.01,3.68,0.15,0.33,4.4,5.23,0,0,2025,NA,NA,NA,14.94,9.33,NA,NA,NA,2025,78.64,0,0,0.58,15.9,1.03,99.34,0.15,2025,33.11,38.97,26.17,12.8,284.49,51.34,11.58,0.01,2025,-71.32,31.93,28.54,24.54,21.03,16.56,13.47,34.12,2025,34.83,20.35,0.14,0.61,0.5,1.72,0.07
108.025131,34.300369,2025,7,16,197,2025-07-16,22.86,64.65,28.78,21.32,32.08,1.8,37.56,91.84,2025,25.05,25.48,292.5,4.24,11.63,13.31,0.16,75.8,2025,0.17,323,40.56,0.47,28.98,310.7,2.76,0.56,2025,10.75,26.53,0.44,17.37,6.6,0.4,4.96,1.51,2025,3.45,6.26,1.86,1.4,4.4,0.04,2.29,28.78,2025,10.48,0.65,12.37,0,0,0,NA,67.41,2025,0,NA,66.43,33.43,24.51,3.54,0.72,2.82,2025,0.39,5.8,2.7,0.73,-0.63,0.66,41.69,7.56,2025,3.18,11.24,3.4,0.39,0.29,75.55,76.14,1.72,2025,0,0.77,36.67,41.66,5.02,7.35,8.79,17.74,2025,24.23,3.88,0.16,0.33,1.51,1.33,0,0,2025,NA,NA,NA,15.28,7.58,NA,NA,NA,2025,85.72,0,0,0.55,17.09,1.05,99.64,0.16,2025,28.9,31.68,26.25,5.43,283.06,59.6,11.76,0.01,2025,-72.48,29.64,29.05,25.22,21.14,16.63,13.47,28.98,2025,30.74,8.92,0.36,1.58,-0.47,-0.65,0.07
108.025131,34.300369,2025,7,17,198,2025-07-17,23,59.35,29.87,20.56,36.17,1.81,37.35,92.04,2025,25.21,24.43,86.6,4.02,9.89,14.67,0.15,66.38,2025,2.85,87.5,40.49,0.47,30.61,86.2,2.75,0.57,2025,10.56,25.74,0.44,16.61,11.74,0.42,4.3,0.92,2025,3.38,5.92,1.55,1.36,4.37,0.04,2.16,30.3,2025,12,0.64,11.75,0,0,0,NA,74.16,2025,0,NA,66.42,40.19,22.84,3.22,0.56,2.66,2025,0.58,5.23,2.72,-2.53,-0.17,0.67,41.12,6.53,2025,4.03,13.11,3.15,0.58,0.39,51.02,87.88,2.01,2025,0,0.75,36.44,41.1,5.85,5.9,9.89,15.85,2025,20.93,3.56,0.16,0.33,3.52,2.41,0,0,2025,NA,NA,NA,12.3,10.71,NA,NA,NA,2025,83.47,0,0,0.55,16.02,1.05,99.88,0.15,2025,29.9,35.12,25.16,9.96,287.91,53.01,11.94,0.01,2025,-69.56,29.47,27.95,25.46,21.28,16.7,13.47,30.61,2025,29.59,17.35,-1.71,-3.61,-0.07,-0.22,0.07
108.025131,34.300369,2025,7,18,199,2025-07-18,23.9,71.53,28.19,22.23,33.87,1.75,36.92,92.03,2025,25.21,24.77,107.8,4.06,11.68,15.55,0.16,79.45,2025,7.99,102.1,40.42,0.47,28.18,103.7,2.74,0.59,2025,11.15,27,0.45,18.34,9.1,0.49,4.37,1.42,2025,2.95,5.74,2.46,1.46,3.28,0.04,2.32,29.32,2025,11.02,0.67,12.52,0,0,0,NA,71.97,2025,0,NA,66.44,35.49,24.31,3.15,0.74,2.41,2025,0.44,5.33,2.75,-2.58,0.63,0.7,40.62,7.56,2025,3.59,12.22,3.64,0.44,0.3,69.68,93.12,1.08,2025,0,0.79,36.02,40.6,4.73,7.79,7.95,19.05,2025,25.88,4.04,0.16,0.33,3.43,1.46,0,0,2025,NA,NA,NA,15.16,8.74,NA,NA,NA,2025,83.54,0,0,0.57,17.63,1.05,99.9,0.16,2025,28.49,33.51,25.34,8.17,290.33,55.18,10.05,0,2025,-72.5,28.23,27.83,25.57,21.42,16.78,13.48,28.18,2025,28.69,11.18,-1.67,-3.71,0.36,1.19,0.07
108.025131,34.300369,2025,7,19,200,2025-07-19,17.11,76.88,26.97,22.38,32.2,2.02,37.59,92.08,2025,24.67,22.39,324.6,4.63,11.5,4.62,0.17,96.4,2025,20.89,323.9,40.36,0.47,26.93,323.6,3.05,0.42,2025,8.07,26.16,0.47,18.52,9.81,0.59,7.42,0.8,2025,6.62,9.96,1.19,1.08,8.77,0.03,1.8,27.3,2025,9,0.65,12.19,0,0,0,NA,54.39,2025,0,NA,66.47,34.23,21.85,5.02,0.43,4.59,2025,0.54,5.95,2.77,0.84,-1.14,0.5,42.76,7.38,2025,0.68,5.6,2.89,0.54,0.37,95,98.36,5.55,2025,0,0.77,36.13,42.72,5.12,7.06,8.77,17.38,2025,23.56,4.28,0.18,0.33,3.85,1.5,0,0,2025,NA,NA,NA,15.41,1.7,NA,NA,NA,2025,83.2,0,0,0.41,17.91,1.06,99.98,0.17,2025,27.13,31.73,22.72,9.01,279.16,58.76,10.97,0.01,2025,-70.47,27.42,27.29,25.54,21.55,16.85,13.48,26.93,2025,32.62,12.38,0.54,1.32,-0.74,-1.86,0.07
108.025131,34.300369,2025,7,20,201,2025-07-20,9.22,83.64,23.46,20.45,26.2,1.28,36.02,92.56,2025,21.96,21.4,281.3,3,7.05,2.06,0.18,98.96,2025,13.95,273.6,40.29,0.49,23.56,271.2,1.97,0.23,2025,4.51,26.41,0.5,16.31,4.8,0.62,3.42,0.2,2025,3.22,5.71,0.37,0.64,5.34,0.02,1.05,23.8,2025,5.5,0.66,12.17,0,0,0,NA,27.16,2025,0,NA,66.49,28.23,20.36,2.31,0.16,2.15,2025,0.57,5.29,2.79,0.65,-0.01,0.27,38.17,4.33,2025,0.18,2.17,1.62,0.57,0.39,99.01,98.9,22.95,2025,0,0.78,33.69,38.11,5.31,6.86,9.12,17.3,2025,22.95,4.5,0.18,0.33,2.75,1.65,0,0,2025,NA,NA,NA,8.76,0.46,NA,NA,NA,2025,87.28,0,0,0.22,15.84,1.08,100.6,0.18,2025,23.58,25.74,21.7,4.04,281.88,51.92,10.74,0,2025,-69.72,24.53,25.78,25.32,21.66,16.93,13.48,23.56,2025,24.06,7.87,0.39,1.07,-0.02,-0.22,0.07
108.025131,34.300369,2025,7,21,202,2025-07-21,13.72,77.61,24.45,20.02,28.48,1.46,36.21,92.64,2025,22.24,20.43,81.8,2.75,9.55,4.45,0.18,95.69,2025,3.93,85,40.21,0.49,24.99,83.9,2.14,0.34,2025,6.44,26.76,0.51,15.88,8.05,0.54,4.56,0.6,2025,3.96,5.18,0.85,0.9,4.33,0.03,1.48,24.45,2025,6.15,0.67,12.25,0,0,0,NA,46.5,2025,0,NA,66.5,30.89,19.7,3.32,0.39,2.93,2025,0.45,4.72,2.82,-1.89,-0.2,0.41,37.7,5.93,2025,0.51,4.17,2.4,0.45,0.3,95.2,96.37,10.07,2025,0,0.79,33.64,37.63,4.92,7.33,8.28,18.47,2025,24.74,4.48,0.18,0.33,4.02,5.26,0,0,2025,NA,NA,NA,12.41,1.31,NA,NA,NA,2025,86.35,0,0,0.33,15.33,1.08,100.67,0.18,2025,24.49,27.74,21.01,6.73,283.06,47.54,10.02,0.01,2025,-71.82,24.79,24.82,24.83,21.73,17,13.48,24.99,2025,23.05,11.19,-1.31,-2.38,-0.11,-0.34,0.07
108.025131,34.300369,2025,7,22,203,2025-07-22,17.04,78.25,25.99,21.58,31.01,2.43,37.05,92.35,2025,23.78,21.14,75.8,4.65,11.59,5.75,0.17,78.91,2025,0.07,78.8,40.13,0.49,27,77.3,3.53,0.42,2025,7.95,26.53,0.49,17.57,9.87,0.49,5.76,1.37,2025,4.39,6.89,2.54,1.09,4.35,0.03,1.82,26.08,2025,7.78,0.66,12.18,0,0,0,NA,51.4,2025,0,NA,66.51,33.83,20.76,4.03,0.58,3.45,2025,0.56,5.2,2.84,-3.3,-0.74,0.51,39.34,7.27,2025,0.68,5.46,2.94,0.56,0.37,92.76,59.52,4.96,2025,0,0.79,34.9,39.29,5.37,6.81,8.95,17.58,2025,23.76,4.36,0.18,0.33,4.21,6.65,0,0,2025,NA,NA,NA,15.24,1.81,NA,NA,NA,2025,85.52,0,0,0.41,17.25,1.07,100.29,0.17,2025,25.75,30.18,21.49,8.69,283.6,52.27,13.34,0.01,2025,-63.91,26.11,25.14,24.49,21.77,17.08,13.49,27,2025,26.26,13.07,-2.28,-4.26,-0.45,-1.07,0.07
108.025131,34.300369,2025,7,23,204,2025-07-23,22.02,73.49,27.5,21.86,32.53,3.11,36.93,92.17,2025,24.68,22.85,90.8,5.93,10.34,14.52,0.15,63.5,2025,0.05,89.3,40.04,0.48,28.53,89.2,4.49,0.55,2025,10.25,26.59,0.48,17.89,9.68,0.46,6.46,2.25,2025,4.21,7.4,3.86,1.35,3.54,0.04,2.18,27.69,2025,9.39,0.66,12.25,0,0,0,NA,64.99,2025,0,NA,66.52,36.05,22.57,4.65,1.27,3.38,2025,0.55,5.11,2.87,-4.46,-0.06,0.66,40.17,6.85,2025,3.4,11.69,3.24,0.55,0.35,60.06,68.32,3.23,2025,0,0.79,35.57,40.13,5.27,6.98,8.65,17.93,2025,24.03,3.81,0.15,0.33,4.68,7.36,0,0,2025,NA,NA,NA,13.32,8.69,NA,NA,NA,2025,84.85,0,0,0.53,17.56,1.06,100.08,0.15,2025,27.19,31.43,22.99,8.44,285.8,49.94,10.4,0,2025,-71.25,27.59,26.03,24.43,21.79,17.15,13.49,28.53,2025,27.86,13.48,-3.09,-5.87,-0.04,0.08,0.07
108.025131,34.300369,2025,7,24,205,2025-07-24,20.06,67.83,28.36,21.14,34.81,1.76,37.07,91.97,2025,24.75,22.33,123,3.96,13.55,6.84,0.17,92.22,2025,0.09,124,39.96,0.48,29.17,122.5,2.68,0.5,2025,9.33,26,0.47,17.14,12.48,0.44,4.38,1.73,2025,2.65,5.55,2.24,1.24,3.31,0.04,2.09,28.57,2025,10.27,0.65,11.96,0,0,0,NA,63.15,2025,0,NA,66.52,38.52,22.06,3.15,0.82,2.33,2025,0.68,5.34,2.9,-2.02,1.29,0.6,40.04,8.48,2025,0.85,6.51,3.21,0.68,0.44,91.67,92.99,1.84,2025,0,0.78,36.01,40.01,5.88,6.07,9.72,16.28,2025,21.75,3.99,0.17,0.33,4.17,6.02,0,0,2025,NA,NA,NA,17.7,2.36,NA,NA,NA,2025,83.38,0,0,0.48,16.61,1.05,99.88,0.17,2025,28.34,33.8,22.61,11.19,275.12,52.53,11.68,0.01,2025,-69.5,28.22,26.65,24.57,21.82,17.23,13.49,29.17,2025,27.51,16.46,-1.31,-2.91,0.88,1.89,0.07
108.025131,34.300369,2025,7,25,206,2025-07-25,19.06,66.82,29.37,21.99,34.98,1.59,37.33,91.89,2025,25.68,24.22,130.8,3.66,14.5,4.01,0.18,99,2025,10.99,131,39.87,0.48,29.83,129.5,2.43,0.48,2025,8.88,25.95,0.47,18.13,10.76,0.52,3.52,0.96,2025,2.56,6.11,1.6,1.18,4.51,0.03,1.96,29.6,2025,11.3,0.65,11.92,0,0,0,NA,60.02,2025,0,NA,66.53,37.57,23.85,2.67,0.5,2.17,2025,0.69,5.56,2.93,-1.76,1.45,0.57,41.06,8.49,2025,0.39,4.57,3.42,0.69,0.45,98.96,99.05,2.26,2025,0,0.78,36.57,41.04,5.88,6.03,9.73,16.22,2025,21.36,4.42,0.19,0.33,5.7,4.73,0,0,2025,NA,NA,NA,18.03,1.03,NA,NA,NA,2025,82.25,0,0,0.46,17.18,1.05,99.78,0.18,2025,29.52,34.49,24.58,9.91,275.27,54.24,11.83,0.01,2025,-70.91,28.9,27.25,24.82,21.86,17.3,13.49,29.83,2025,29.56,13.72,-1.13,-2.55,0.98,2.21,0.07
108.025131,34.300369,2025,7,26,207,2025-07-26,21.2,71.63,28.96,22.89,34.07,1.13,37.58,91.99,2025,25.93,24.61,120.3,3.03,12.2,10.16,0.17,86.63,2025,6.45,124.7,39.78,0.48,29.05,120.4,1.84,0.53,2025,9.79,26.29,0.48,19.1,9.46,0.54,2.81,0.89,2025,1.92,5.9,1.34,1.3,4.56,0.04,2.16,29.34,2025,11.04,0.66,12.08,0,0,0,NA,63.11,2025,0,NA,66.54,35.29,24.2,1.89,0.45,1.44,2025,0.62,5.12,2.96,-1.34,0.79,0.64,41.4,7.83,2025,1.96,9.01,3.56,0.62,0.4,81.51,93.81,2.96,2025,0,0.8,36.33,41.37,5.3,6.79,8.73,17.56,2025,23.24,4.3,0.18,0.33,4.44,4.38,0,0,2025,NA,NA,NA,16.19,5,NA,NA,NA,2025,82.11,0,0,0.51,18.02,1.05,99.87,0.17,2025,29.28,34.02,25.11,8.91,280.82,50.62,12.8,0.01,2025,-65.97,28.56,27.45,25.08,21.92,17.37,13.5,29.05,2025,30.17,11.09,-0.78,-2.19,0.54,1.28,0.07
108.025131,34.300369,2025,7,27,208,2025-07-27,25.42,65.3,29.26,21.71,34.28,1.55,36.9,92.05,2025,25.48,24.35,103.8,3.57,8.5,21.31,0.15,40.68,2025,0.13,98.6,39.69,0.48,30.07,100.6,2.37,0.64,2025,11.67,26.22,0.47,17.75,9.93,0.46,4.65,0.25,2025,4.4,6.64,0.48,1.5,6.16,0.04,2.46,29.32,2025,11.02,0.66,12.01,0,0,0,NA,78.05,2025,0,NA,66.56,38.33,22.69,3.29,0.11,3.18,2025,0.55,4.58,3,-1.93,0.36,0.77,41.71,5.74,2025,5.93,16.93,3.67,0.55,0.35,22.83,65.68,1.53,2025,0,0.8,36.13,41.69,5.21,6.8,8.53,17.69,2025,23.67,3.78,0.15,0.33,5.12,7.86,0,0,2025,NA,NA,NA,10.05,15.37,NA,NA,NA,2025,80.39,0,0,0.61,17.09,1.05,99.94,0.15,2025,29.32,33.21,25.25,7.96,281.5,45.61,13.97,0.01,2025,-62.89,29.09,27.54,25.26,21.98,17.44,13.5,30.07,2025,30.69,15.64,-1.31,-2.75,0.2,0.67,0.07
108.025131,34.300369,2025,7,28,209,2025-07-28,25.41,60.48,29.47,20.43,35.65,1.92,36.16,91.87,2025,24.95,24.24,91.8,4.09,8.58,21.81,0.16,40.55,2025,0,91.5,39.6,0.48,30.36,91.7,2.87,0.64,2025,11.5,26.26,0.46,16.42,11.41,0.42,4.8,1.3,2025,3.5,7.33,1.97,1.47,5.36,0.04,2.38,29.95,2025,11.65,0.66,11.87,0,0,0,NA,76.08,2025,0,NA,66.59,39.72,22.84,3.42,0.72,2.7,2025,0.54,3.92,3.03,-2.7,0.08,0.78,41.75,5.78,2025,5.72,16.84,3.68,0.54,0.35,22.51,65.82,1.24,2025,0,0.8,35.29,41.73,5.34,6.54,8.84,17.43,2025,23.67,3.8,0.16,0.33,4.54,6.39,0,0,2025,NA,NA,NA,10.16,15.25,NA,NA,NA,2025,82.44,0,0,0.61,15.9,1.05,99.75,0.16,2025,29.44,34.59,25.02,9.57,283.67,39.76,11.39,0,2025,-68.06,29.57,27.98,25.47,22.06,17.51,13.5,30.36,2025,30.81,16.88,-1.83,-3.78,0.05,0.12,0.07
108.025131,34.300369,2025,7,29,210,2025-07-29,22.56,56.58,30.02,19.82,36.6,1.17,37.45,91.74,2025,24.92,23.44,67.9,2.52,9.86,15.57,0.15,63.33,2025,0.7,68.9,39.5,0.48,30.94,69.4,1.83,0.57,2025,10.36,26.39,0.45,15.84,13.16,0.41,3.14,0.73,2025,2.41,3.73,0.75,1.35,2.98,0.04,2.25,30.02,2025,11.72,0.67,12.04,0,0,0,NA,75.83,2025,0,NA,66.6,41.28,22.42,2.37,0.52,1.85,2025,0.4,4.21,3.07,-1.45,-0.55,0.69,41.26,6.41,2025,3.95,12.71,3.32,0.4,0.26,56.79,72.5,3.83,2025,0,0.81,35.84,41.22,5.3,6.73,8.71,17.68,2025,24.98,3.86,0.16,0.33,4.12,4.88,0,0,2025,NA,NA,NA,12.3,10.26,NA,NA,NA,2025,82.37,0,0,0.54,15.04,1.05,99.61,0.15,2025,30.16,35.51,24.29,11.22,279.97,42.2,10.12,0,2025,-70.96,29.93,28.26,25.69,22.15,17.58,13.5,30.94,2025,29.79,18.86,-0.93,-1.97,-0.36,-0.8,0.07
108.025131,34.300369,2025,7,30,211,2025-07-30,26.91,54.06,30.72,19.84,36.96,2.09,36.65,91.71,2025,25.28,24.39,105.3,4.53,6.32,28.19,0.17,17.28,2025,0.05,100.7,39.41,0.47,31.67,99.8,3.12,0.68,2025,12.33,27.41,0.45,15.85,12.57,0.4,5.29,0.9,2025,4.39,7.58,1.21,1.6,6.37,0.04,2.43,30.68,2025,12.38,0.7,12.55,0,0,0,NA,80.37,2025,0,NA,66.62,41.26,23.13,3.87,0.53,3.34,2025,0.3,3.75,3.11,-2.52,0.44,0.83,42.77,4.24,2025,8.09,20.59,4.41,0.3,0.19,15.18,20.22,2.33,2025,0,0.85,36.15,42.76,3.7,8.85,6.1,21.31,2025,29.75,4.49,0.17,0.33,3.66,3.95,0,0,2025,NA,NA,NA,7.47,19.44,NA,NA,NA,2025,79.45,0,0,0.65,15.33,1.04,99.56,0.17,2025,30.7,35.82,25.56,10.26,290.7,38.45,10.39,0,2025,-70.79,30.55,28.72,25.94,22.25,17.65,13.51,31.67,2025,32.61,18.13,-1.77,-3.36,0.33,0.92,0.07
108.025131,34.300369,2025,7,31,212,2025-07-31,26.02,52.06,31.22,19.55,37.47,2.42,36.85,91.67,2025,25.39,25.29,121.3,5.29,7.42,24.62,0.16,32.75,2025,0,109.6,39.3,0.47,32.43,112.2,3.59,0.66,2025,11.93,26.78,0.44,15.58,12.18,0.38,5.86,1.68,2025,4.18,7.44,3.01,1.54,4.43,0.04,2.48,31.38,2025,13.08,0.68,12.25,0,0,0,NA,79.39,2025,0,NA,66.64,41.96,24.75,4.12,0.81,3.31,2025,0.34,4.04,3.15,-2.99,1.22,0.81,42.55,4.84,2025,7.09,18.61,3.99,0.34,0.23,29.14,37.8,1.24,2025,0,0.83,36.3,42.53,3.86,8.4,6.43,20.35,2025,27.82,4.11,0.16,0.33,3.24,3.02,0,0,2025,NA,NA,NA,8.97,17.05,NA,NA,NA,2025,79.64,0,0,0.62,15.24,1.04,99.52,0.16,2025,30.98,36.28,25.81,10.47,286.43,41.87,10.42,0,2025,-71.47,31.32,29.3,26.24,22.36,17.72,13.51,32.43,2025,32.26,17.21,-2.1,-3.93,0.75,2.39,0.07
108.025131,34.300369,2025,8,1,213,2025-08-01,25.05,49.81,30.54,18.14,37.05,2.61,36.39,91.76,2025,24.34,25.5,95.3,5.31,7.8,22.77,0.15,48.1,2025,0,89.7,39.19,0.47,31.69,91.2,3.85,0.64,2025,11.4,25.91,0.43,14.27,11.55,0.38,6.17,1.51,2025,4.66,8.31,2.43,1.45,5.88,0.04,2.27,31.27,2025,12.97,0.66,11.77,0,0,0,NA,76.58,2025,0,NA,66.65,41.45,24.94,4.39,0.75,3.64,2025,0.39,4.11,3.19,-3.62,0.08,0.78,41.14,5.24,2025,6.17,17.25,3.58,0.39,0.26,28.87,75.03,1.28,2025,0,0.81,35.34,41.12,4.68,7.1,7.84,18.07,2025,24.97,3.71,0.15,0.33,2.81,2.27,0,0,2025,NA,NA,NA,9.42,15.63,NA,NA,NA,2025,78.57,0,0,0.6,13.93,1.05,99.63,0.15,2025,30.33,35.82,26.01,9.81,288.73,43.56,10.05,0,2025,-72.7,31.08,29.57,26.55,22.48,17.79,13.51,31.69,2025,29.69,16.51,-2.51,-4.85,-0.01,0.45,0.07
108.025131,34.300369,2025,8,2,214,2025-08-02,25.28,48.39,31.01,17.94,38.26,1.97,36.68,91.66,2025,24.48,23.72,99.9,3.88,7.4,23.3,0.16,33.64,2025,0,94.5,39.08,0.47,32.4,95.4,2.9,0.65,2025,11.57,25.88,0.43,14.1,14.54,0.37,5.19,0.98,2025,4.21,5.8,0.85,1.47,4.95,0.04,2.33,30.99,2025,12.69,0.66,11.82,0,0,0,NA,78.11,2025,0,NA,66.65,42.8,23.04,3.87,0.72,3.15,2025,0.39,4.7,3.23,-2.79,0.27,0.79,42.25,4.97,2025,6.6,17.88,3.72,0.39,0.27,19.98,52.76,1.7,2025,0,0.81,36.06,42.23,4.69,7.13,7.84,18.04,2025,24.87,3.81,0.16,0.33,2.72,1.96,0,0,2025,NA,NA,NA,8.68,16.59,NA,NA,NA,2025,82.18,0,0,0.61,13.64,1.04,99.5,0.16,2025,30.8,37.11,24.35,12.76,283.72,49.88,9.47,0,2025,-74.29,31.2,29.52,26.77,22.61,17.86,13.51,32.4,2025,31.7,19.76,-1.9,-3.71,0.15,0.65,0.07
108.025131,34.300369,2025,8,3,215,2025-08-03,24.53,50.9,32.14,19.79,39.44,1.94,37.89,91.59,2025,25.97,25.15,116.3,3.92,8.16,21.08,0.16,46.66,2025,0.01,108.8,38.97,0.47,33.6,110,2.84,0.63,2025,11.25,25.3,0.42,15.84,14.29,0.37,5.06,1.06,2025,4,6.47,1.68,1.42,4.79,0.04,2.29,32.3,2025,14,0.65,11.58,0,0,0,NA,74.7,2025,0,NA,66.67,44.9,24.85,3.69,0.69,3,2025,0.43,5.23,3.28,-2.05,0.75,0.78,42.95,5.32,2025,5.92,16.38,3.58,0.43,0.3,26.13,75.4,1.85,2025,0,0.8,37.29,42.93,4.83,6.75,8.17,17.13,2025,23.46,3.7,0.16,0.33,2.49,1.58,0,0,2025,NA,NA,NA,9.58,14.95,NA,NA,NA,2025,78.2,0,0,0.59,15.42,1.04,99.41,0.16,2025,31.91,38.14,25.28,12.86,275.83,51.2,10.13,0.01,2025,-75.81,32.32,30.13,27,22.74,17.94,13.52,33.6,2025,32.94,20.05,-1.42,-2.7,0.48,1.34,0.07
108.025131,34.300369,2025,8,4,216,2025-08-04,14.72,57.77,29.91,20.14,35.58,2.18,38.15,91.94,2025,25.02,25.08,56.5,4.44,9.69,5.44,0.17,97.07,2025,3.98,61.7,38.85,0.47,30.49,61.1,3.2,0.38,2025,6.81,23.67,0.42,16.14,10.5,0.4,4.94,1.29,2025,3.65,5.65,2.38,0.86,3.27,0.02,1.4,30.33,2025,12.03,0.61,10.67,0,0,0,NA,54.61,2025,0,NA,66.69,39.31,24.65,3.66,0.66,3,2025,0.7,5.69,3.33,-2.07,-1.14,0.47,40.83,6.11,2025,0.71,5.03,2.42,0.7,0.47,95.74,98.93,12.83,2025,0,0.75,36.63,40.79,5.82,4.85,10.07,13.6,2025,18.49,3.83,0.18,0.33,2.78,0.77,0,0,2025,NA,NA,NA,12.85,1.87,NA,NA,NA,2025,85.43,0,0,0.35,15.63,1.05,99.81,0.17,2025,29.87,34.65,25.3,9.35,272.75,57.1,9.08,0,2025,-77.98,30.83,30.25,27.3,22.89,18.01,13.52,30.49,2025,29.06,14.66,-1.46,-2.5,-0.78,-1.65,0.07
108.025131,34.300369,2025,8,5,217,2025-08-05,10.39,73.38,28.15,22.54,33.58,1.71,38.35,92.22,2025,25.35,24.15,4,3.56,8.33,1.23,0.17,99.11,2025,7.88,11.6,38.73,0.47,29.09,10.5,2.5,0.27,2025,5.03,23.13,0.43,18.66,9.43,0.48,4.19,0.68,2025,3.51,4.69,1.23,0.68,3.46,0.02,1.14,28.87,2025,10.57,0.6,10.52,0,0,0,NA,27.88,2025,0,NA,66.69,37.23,23.81,3.09,0.31,2.78,2025,0.9,6.21,3.38,-0.31,-1.65,0.33,36.98,4.95,2025,0.09,2.07,1.74,0.9,0.6,98.72,99.65,13.46,2025,0,0.74,36.59,36.93,6.63,3.89,11.4,11.73,2025,15.61,3.78,0.18,0.33,3.77,0.96,0,0,2025,NA,NA,NA,10.12,0.27,NA,NA,NA,2025,83.06,0,0,0.25,18.09,1.06,100.13,0.17,2025,27.97,32.46,24.4,8.06,269.58,61.22,9.81,0,2025,-78.28,29.16,29.07,27.32,23.03,18.08,13.52,29.09,2025,21.56,13.42,-0.24,-0.16,-1.14,-2.35,0.07
108.025131,34.300369,2025,8,6,218,2025-08-06,20.68,69.24,28.37,21.58,33.61,1.61,37.78,92.23,2025,24.97,22.93,61.7,3.4,10.45,11.88,0.14,81.21,2025,2.69,77.6,38.61,0.47,29.17,74.6,2.39,0.54,2025,9.65,24.64,0.44,17.63,10.68,0.45,4.94,0.33,2025,4.61,5.48,0.56,1.25,4.92,0.04,2.1,28.27,2025,9.97,0.64,11.36,0,0,0,NA,65.62,2025,0,NA,66.7,37.77,22.48,3.67,0.19,3.48,2025,0.57,5.91,3.43,-1.4,-0.39,0.67,39.47,6.86,2025,2.8,10.23,2.77,0.57,0.37,68.15,99.5,3.89,2025,0,0.8,36.22,39.43,5.62,5.74,9.37,15.27,2025,20.71,3.26,0.15,0.33,3.19,1.57,0,0,2025,NA,NA,NA,13.35,7.33,NA,NA,NA,2025,84.98,0,0,0.5,17.06,1.06,100.15,0.14,2025,28.28,32.32,23.21,9.11,268,59.27,9.67,0,2025,-78.85,28.91,28.5,27.15,23.15,18.16,13.53,29.17,2025,26.44,15.29,-1,-1.63,-0.22,-0.88,0.07
108.025131,34.300369,2025,8,7,219,2025-08-07,19.92,72.89,28.97,23.07,34.76,2.37,37.85,92.2,2025,26.02,24.46,68.9,4.58,10.36,13.08,0.15,79.08,2025,4.17,73.5,38.5,0.47,30.04,71.9,3.44,0.52,2025,9.37,25.13,0.44,19.29,10.3,0.46,5.41,1.12,2025,4.29,6.69,1.98,1.25,4.71,0.03,2.07,29.61,2025,11.31,0.65,11.71,0,0,0,NA,47.62,2025,0,NA,66.73,38.98,24.09,3.82,0.55,3.27,2025,0.51,6.35,3.48,-3.1,-1.01,0.65,40.83,6.79,2025,2.58,9.58,2.91,0.51,0.34,74.11,86.04,2.64,2025,0,0.82,36.72,40.8,5.26,6.45,8.68,16.45,2025,22.59,3.6,0.16,0.33,3.38,2.3,0,0,2025,NA,NA,NA,13.37,6.55,NA,NA,NA,2025,82.9,0,0,0.48,18.92,1.05,100.1,0.15,2025,28.71,33.54,24.79,8.75,266.36,64.79,9.68,0,2025,-79.24,29.41,28.48,26.98,23.25,18.24,13.53,30.04,2025,29.08,14.89,-2.18,-4,-0.65,-1.55,0.07
108.025131,34.300369,2025,8,8,220,2025-08-08,11.3,70.77,28.98,22.64,34.45,1.64,38.57,92.11,2025,25.81,24.7,3.9,3.32,8.38,2.26,0.17,97.43,2025,5.33,5.1,38.38,0.47,30.06,5.1,2.34,0.29,2025,5.42,23.25,0.44,18.84,9.75,0.46,3.71,0.86,2025,2.85,5.5,1.29,0.73,4.21,0.02,1.23,29.58,2025,11.28,0.61,10.61,0,0,0,NA,45.08,2025,0,NA,66.76,37.86,24.32,2.72,0.55,2.17,2025,0.9,6.37,3.54,-0.19,-2.15,0.37,39.69,5.2,2025,0.22,2.93,1.9,0.9,0.59,97.72,97.02,8.8,2025,0,0.76,36.94,39.64,6.67,3.93,11.3,11.95,2025,16.11,3.8,0.18,0.33,4.1,2.1,0,0,2025,NA,NA,NA,10.66,0.64,NA,NA,NA,2025,83.37,0,0,0.27,18.35,1.05,100,0.17,2025,28.73,33.64,24.87,8.77,266.74,63.41,9.62,0,2025,-79.28,29.72,28.73,26.93,23.33,18.31,13.53,30.07,2025,26.87,13.54,-0.13,-0.21,-1.51,-3.03,0.07
108.025131,34.300369,2025,8,9,221,2025-08-09,13.37,66.89,26.29,19.23,30.35,1.08,37.18,92.3,2025,22.76,22.62,355.1,2.23,9.91,2.26,0.14,94.42,2025,1.99,359.1,38.26,0.47,26.93,357.8,1.56,0.35,2025,6.32,23.93,0.44,15.22,7.73,0.44,2.59,0.68,2025,1.91,4.42,1.01,0.86,3.41,0.03,1.47,26.48,2025,8.18,0.63,10.93,0,0,0,NA,47.73,2025,0,NA,66.79,34.34,22.4,1.66,0.4,1.26,2025,0.74,5.89,3.6,0.03,-0.82,0.44,38.72,6.1,2025,0.23,3.47,1.88,0.74,0.48,92.81,96.67,10.15,2025,0,0.79,35.06,38.66,6.04,4.9,10.27,13.67,2025,18.7,3.38,0.16,0.33,2.45,1.56,0,0,2025,NA,NA,NA,12.51,0.86,NA,NA,NA,2025,85.19,0,0,0.32,14.65,1.07,100.28,0.14,2025,26.23,29.65,22.72,6.93,267.84,58.21,10.05,0,2025,-78.18,27.56,28.06,26.87,23.41,18.39,13.54,26.93,2025,25.02,11.94,0.01,0.1,-0.61,-1.2,0.07
108.025131,34.300369,2025,8,10,222,2025-08-10,8.68,72.94,25.42,19.91,30.09,1.48,36.26,92.41,2025,22.66,21.8,88.9,2.99,6.78,0.96,0.17,99.31,2025,2.35,87.7,38.13,0.47,25.93,88.6,2.21,0.23,2025,4.24,24.79,0.44,15.83,8.29,0.45,4.12,0.66,2025,3.46,4.88,1.05,0.61,3.83,0.02,1.04,25.95,2025,7.65,0.65,11.31,0,0,0,NA,27.31,2025,0,NA,66.8,33.35,20.78,2.96,0.35,2.61,2025,0.78,4.86,3.65,-1.61,-0.04,0.29,38.15,4.14,2025,0.1,1.9,1.44,0.78,0.51,99.24,99.41,18.64,2025,0,0.82,34.05,38.1,5.78,5.54,9.68,15.11,2025,20.01,4,0.18,0.33,2.43,1.36,0,0,2025,NA,NA,NA,8.41,0.27,NA,NA,NA,2025,85.76,0,0,0.21,15.34,1.07,100.41,0.17,2025,25.45,29.34,22.59,6.75,271.62,46.33,10.24,0.01,2025,-74.81,26.48,27.02,26.61,23.47,18.46,13.54,25.93,2025,23.96,12.57,-1.15,-2.01,-0.05,-0.04,0.07
108.025131,34.300369,2025,8,11,223,2025-08-11,26.34,54.8,27.54,16.4,36,1.36,33.36,92.22,2025,21.97,19.44,152.8,2.86,5.98,28.3,0.16,21.11,2025,0.01,137.5,38,0.47,28.4,144.9,2.12,0.69,2025,11.89,26.85,0.44,12.72,16.56,0.4,3.92,0.73,2025,3.19,4.69,0.88,1.54,3.81,0.04,2.32,27.72,2025,9.42,0.71,12.1,0,0,0,NA,82.1,2025,0,NA,66.83,40.94,18.32,2.91,0.6,2.31,2025,0.29,2.8,3.72,-0.68,0.97,0.88,40.31,4.08,2025,7.8,20.35,3.84,0.29,0.19,12.82,32.72,1.43,2025,0,0.9,32.86,40.3,3.84,8.27,6.25,20.6,2025,29.51,3.91,0.16,0.33,3.29,3.32,0,0,2025,NA,NA,NA,6.97,19.36,NA,NA,NA,2025,83.39,0,0,0.63,12.19,1.06,100.15,0.16,2025,27.81,34.83,20.7,14.13,290.55,26.08,13.14,0.01,2025,-64.73,27.65,26.73,26.25,23.5,18.54,13.54,28.4,2025,28.13,22.62,-0.53,-0.71,0.58,1.38,0.07
108.025131,34.300369,2025,8,12,224,2025-08-12,24.37,49.85,28.5,16.44,35.63,1.32,34.29,92.33,2025,22.47,21.25,31.7,2.51,6.64,24.46,0.16,19.3,2025,0.02,40.7,37.87,0.47,29.07,36.9,1.93,0.64,2025,11.12,26.09,0.43,12.76,14.38,0.39,3.88,0.24,2025,3.64,4.39,0.38,1.43,4.01,0.04,2.16,28.44,2025,10.14,0.69,11.87,0,0,0,NA,73.6,2025,0,NA,66.83,41.4,18.73,2.86,0.15,2.71,2025,0.25,3.29,3.78,-0.67,-0.9,0.82,41.05,4.4,2025,6.72,17.74,3.56,0.25,0.18,22.79,14.41,3,2025,0,0.88,33.78,41.04,3.98,7.89,6.83,19.26,2025,27.7,3.81,0.16,0.33,2.67,2.36,0,0,2025,NA,NA,NA,8.03,16.34,NA,NA,NA,2025,81.25,0,0,0.58,12.2,1.06,100.32,0.16,2025,28.67,34.05,22.74,11.31,285.69,33.41,11.06,0,2025,-68.33,28.34,27.33,26.12,23.51,18.61,13.54,29.07,2025,29.46,22.67,-0.52,-0.76,-0.61,-1.22,0.07
108.025131,34.300369,2025,8,13,225,2025-08-13,26.7,47.23,28.43,14.97,35.86,1.44,32.9,92.61,2025,21.7,21.69,97.5,2.82,5.11,30.55,0.16,5.65,2025,0,102,37.75,0.46,29.24,98.9,2.16,0.71,2025,11.98,26.76,0.43,11.58,14.17,0.38,4.56,0.55,2025,4.01,5.35,0.5,1.53,4.85,0.04,2.35,28.77,2025,10.47,0.71,12,0,0,0,NA,80.98,2025,0,NA,66.87,41.38,19.85,3.35,0.37,2.98,2025,0.26,2.6,3.85,-1.61,0.25,0.91,41.02,3.49,2025,8.48,21.59,3.95,0.26,0.18,3.17,9.11,1.38,2025,1,0.91,32.66,41.01,3.43,8.57,5.9,20.86,2025,30.09,3.95,0.16,0.33,2.63,1.97,0,0,2025,NA,NA,NA,6.07,20.62,NA,NA,NA,2025,85.04,0,0,0.64,11.07,1.06,100.6,0.16,2025,28.59,34.39,22.72,11.67,286.97,25.35,13.22,0.01,2025,-63.16,28.82,27.78,26.15,23.52,18.68,13.55,29.24,2025,29.48,21.53,-1.1,-2.06,0.23,0.27,0.07
108.025131,34.300369,2025,8,14,226,2025-08-14,24.36,49.63,28.76,16.64,35.34,2.15,34.59,92.59,2025,22.7,22.7,93.3,4.19,8.54,21.87,0.15,25.74,2025,0,89.7,37.61,0.46,29.6,90.3,3.08,0.65,2025,11.02,25.71,0.43,12.86,12.64,0.37,5.54,0.18,2025,5.36,7.57,0.21,1.41,7.36,0.04,2.1,29.02,2025,10.72,0.68,11.6,0,0,0,NA,75.42,2025,0,NA,66.92,40.47,19.63,4.01,0.16,3.85,2025,0.39,3.29,3.92,-2.8,0.01,0.84,40.94,5.47,2025,5.56,15.84,3.38,0.39,0.26,27.67,23.04,1.83,2025,0,0.88,34.03,40.93,4.23,7.37,7.14,18.57,2025,26.32,3.56,0.15,0.33,2.16,1.31,0,0,2025,NA,NA,NA,10.39,13.97,NA,NA,NA,2025,80.7,0,0,0.58,12.58,1.06,100.58,0.15,2025,28.64,33.96,23.34,10.62,294.62,31.82,12.35,0.01,2025,-66.12,28.79,27.83,26.23,23.54,18.75,13.55,29.6,2025,29.35,20.84,-1.97,-3.8,-0.01,0.22,0.07
108.025131,34.300369,2025,8,15,227,2025-08-15,11.61,68.88,26.54,19.8,32.6,2.1,36.51,92.51,2025,23.17,22.21,104.1,4.56,8.31,3.17,0.17,90.01,2025,5.68,102.6,37.48,0.46,26.81,102.1,3.16,0.31,2025,5.52,24.26,0.43,15.73,10.39,0.44,5.26,1.49,2025,3.77,7.51,2.49,0.75,5.02,0.02,1.19,27.4,2025,9.1,0.65,11.06,0,0,0,NA,42.22,2025,0,NA,66.93,33.33,21.83,3.61,0.71,2.9,2025,0.7,4.77,3.98,-3.01,0.64,0.4,39.75,5.1,2025,0.41,3.31,1.84,0.7,0.46,96.17,81.37,13.03,2025,0,0.84,34.65,39.7,5.71,5.35,9.57,14.68,2025,19.96,3.82,0.18,0.33,2.44,0.62,0,0,2025,NA,NA,NA,10.46,1.15,NA,NA,NA,2025,85.23,0,0,0.28,15.44,1.07,100.52,0.17,2025,26.58,32.33,22.65,9.68,283.83,46.3,13.4,0.01,2025,-65.31,27.42,27.68,26.31,23.56,18.82,13.55,26.81,2025,27.08,11.5,-2,-4.27,0.44,1.08,0.07
108.025131,34.300369,2025,8,16,228,2025-08-16,21.68,66.41,27.47,19.97,33.52,1.54,36.33,92.42,2025,23.72,21.96,116.1,3.07,9.09,17.16,0.15,50.03,2025,2.58,108.1,37.34,0.46,28.66,109.6,2.25,0.58,2025,10.01,24.95,0.43,15.87,11.56,0.44,4.47,0.16,2025,4.31,5.83,0.32,1.31,5.51,0.04,2.08,27.74,2025,9.44,0.67,11.43,0,0,0,NA,71,2025,0,NA,66.96,38.31,21.13,3.24,0.13,3.11,2025,0.52,4.39,4.06,-1.98,0.7,0.76,39.49,5.93,2025,4.08,12.61,2.98,0.52,0.34,44.86,57.27,2.85,2025,0,0.87,34.85,39.46,4.83,6.6,7.94,17.02,2025,23.62,3.33,0.15,0.33,3.16,1.47,0,0,2025,NA,NA,NA,11.28,10.41,NA,NA,NA,2025,79.41,0,0,0.52,15.42,1.06,100.4,0.15,2025,27.28,32.42,22.27,10.15,286.59,42.95,11.82,0.01,2025,-68.36,27.88,27.12,26.2,23.59,18.89,13.56,28.66,2025,26.58,17.18,-1.38,-2.53,0.45,1.24,0.07
108.025131,34.300369,2025,8,17,229,2025-08-17,21.36,58.71,29.04,19.58,34.58,1.43,36.27,92.53,2025,24.31,24.06,147.4,3.07,10.69,14.48,0.16,48.61,2025,0.04,135.4,37.2,0.46,29.86,139.4,2.19,0.57,2025,9.86,24.74,0.43,15.48,10.52,0.4,4.06,0.84,2025,3.22,4.77,1.16,1.28,3.61,0.03,2,29.32,2025,11.02,0.67,11.36,0,0,0,NA,61.77,2025,0,NA,67.01,37.46,22.95,2.96,0.43,2.53,2025,0.43,4.73,4.13,-1.33,1.56,0.75,40.87,6.95,2025,2.9,10.68,3.05,0.43,0.28,49.44,47.43,2,2025,0,0.87,35.33,40.84,4.72,6.64,7.76,16.99,2025,23.77,3.45,0.16,0.33,2.02,1.41,0,0,2025,NA,NA,NA,13.68,7.69,NA,NA,NA,2025,81.9,0,0,0.51,15.01,1.06,100.51,0.16,2025,29.08,33.79,24.45,9.34,284,47.96,12.36,0.01,2025,-67.44,29.07,27.75,26.18,23.6,18.95,13.56,29.86,2025,29.23,14.51,-0.95,-1.56,0.96,2.44,0.07
108.025131,34.300369,2025,8,18,230,2025-08-18,24.47,52.16,30.72,18.71,38.63,2.06,35.98,92.42,2025,24.72,23.82,176.9,4.47,6.86,24.65,0.16,16.27,2025,0.01,172.3,37.05,0.46,31.67,173.3,3.11,0.66,2025,11.17,25.39,0.43,14.68,14.81,0.38,6.03,0.53,2025,5.5,7.38,0.92,1.44,6.46,0.04,2.26,31.23,2025,12.93,0.69,11.58,0,0,0,NA,77.24,2025,0,NA,67.01,43.32,22.44,4.34,0.21,4.13,2025,0.34,3.97,4.21,-0.35,2.99,0.87,42.39,4.59,2025,6.58,17.62,3.57,0.34,0.22,14.28,19.05,2.25,2025,0,0.9,35.54,42.38,3.96,7.62,6.47,18.92,2025,26.87,3.68,0.16,0.33,2.63,1.79,0,0,2025,NA,NA,NA,8.11,16.37,NA,NA,NA,2025,81.59,0,0,0.59,14.31,1.05,100.36,0.16,2025,30.72,37.26,24.31,12.95,280.26,39.18,12.43,0.01,2025,-67.25,30.44,28.44,26.32,23.62,19.02,13.57,31.67,2025,31.99,20.88,-0.27,-0.24,1.98,4.34,0.07
108.025131,34.300369,2025,8,19,231,2025-08-19,22.36,48.75,31.07,17.94,38.19,2.03,36.62,92.08,2025,24.5,24.34,189.4,4.63,9.76,17.41,0.16,44.84,2025,0.07,187.3,36.9,0.46,32.1,187.5,3.03,0.61,2025,10.29,24.9,0.42,14.05,13.85,0.37,4.7,1.22,2025,3.48,7.15,2.04,1.35,5.11,0.04,2.14,31.27,2025,12.97,0.67,11.4,0,0,0,NA,71.25,2025,0,NA,67.05,43.31,22.52,3.38,0.6,2.78,2025,0.36,4.38,4.28,0.38,2.92,0.8,41.46,6.31,2025,3.98,12.62,3.22,0.36,0.24,48.15,40.21,1.97,2025,0,0.89,35.73,41.44,4.14,7.25,6.83,18.07,2025,25.29,3.52,0.16,0.33,2.4,1.32,0,0,2025,NA,NA,NA,12.34,10.02,NA,NA,NA,2025,81.46,0,0,0.54,13.75,1.05,99.99,0.16,2025,31.02,36.91,25.35,11.56,275.3,42.83,10.9,0,2025,-70.67,30.99,29.18,26.6,23.66,19.09,13.57,32.11,2025,30.31,20.79,0.25,0.74,1.96,4.45,0.07
108.025131,34.300369,2025,8,20,232,2025-08-20,20.41,59.26,30.03,20.36,36.34,1.67,37.54,91.97,2025,25.19,24.36,137.4,3.46,8.59,15.69,0.17,62.84,2025,13.41,131.4,36.75,0.46,31.04,132.2,2.48,0.56,2025,9.5,24.65,0.43,16.46,11.98,0.46,5.35,0.92,2025,4.43,7.65,1.31,1.24,6.34,0.03,2,30.35,2025,12.05,0.67,11.37,0,0,0,NA,65.47,2025,0,NA,67.05,41.56,23.39,3.56,0.51,3.05,2025,0.33,5.01,4.36,-0.98,0.88,0.74,41.8,5.62,2025,3.88,11.83,3.17,0.33,0.22,55.95,72.49,5,2025,0,0.89,36.27,41.76,4.19,7.18,6.86,17.79,2025,25.68,3.8,0.17,0.33,3.84,0.97,0,0,2025,NA,NA,NA,10.96,9.45,NA,NA,NA,2025,82.72,0,0,0.49,15.75,1.05,99.88,0.17,2025,29.97,35.17,24.58,10.59,275.26,48.7,11.96,0.01,2025,-68.99,30.73,29.57,26.93,23.72,19.15,13.57,31.04,2025,30.85,18.17,-0.68,-1.17,0.6,1.27,0.07
108.025131,34.300369,2025,8,21,233,2025-08-21,8.55,67.98,24.61,17.91,29.73,2.43,36.56,92.54,2025,21.26,20.44,351.4,4.6,6.86,0.92,0.17,98.65,2025,3.51,357.8,36.6,0.47,25.36,355.5,3.49,0.23,2025,4.16,23.04,0.45,13.99,9.29,0.49,6.83,0.3,2025,6.53,9.29,0.4,0.59,8.89,0.02,1,25.08,2025,6.78,0.63,10.44,0,0,0,NA,30.52,2025,0,NA,67.05,33.58,20,4.6,0.19,4.41,2025,0.7,5.28,4.44,0.17,-2.17,0.31,39.09,4.1,2025,0.06,1.69,1.42,0.7,0.45,99.69,97.18,14.3,2025,0,0.84,34.16,39.03,6.34,4.1,10.7,12.34,2025,17.05,3.76,0.18,0.33,3.05,1.22,0,0,2025,NA,NA,NA,8.37,0.18,NA,NA,NA,2025,84.54,0,0,0.2,13.58,1.08,100.56,0.17,2025,24.43,28.73,20.67,8.06,277.39,50.93,11.33,0.01,2025,-72.72,26.77,28.22,27.06,23.79,19.21,13.58,25.36,2025,25.79,13.58,0.06,0.46,-1.51,-3.03,0.07
108.025131,34.300369,2025,8,22,234,2025-08-22,14.54,67.43,24.48,17.38,30.91,2.27,35.86,92.51,2025,20.93,20.28,67.7,4.22,9.04,6.33,0.17,93.03,2025,3.13,76.5,36.45,0.47,25.84,74.5,3.22,0.4,2025,6.84,24.62,0.45,13.5,10.63,0.45,5.1,1.41,2025,3.69,5.6,2.73,0.95,2.87,0.03,1.54,25.6,2025,7.3,0.68,11.37,0,0,0,NA,51.83,2025,0,NA,67.08,35.78,20.22,3.75,0.85,2.9,2025,0.37,4.97,4.52,-2.65,-0.74,0.54,37.98,5.69,2025,1.15,5.51,2.39,0.37,0.25,92.18,94.23,7.39,2025,0,0.91,33.56,37.92,4.41,6.96,7.25,17.37,2025,25.15,3.96,0.18,0.33,3.18,2.15,0,0,2025,NA,NA,NA,11.71,2.83,NA,NA,NA,2025,82.08,0,0,0.35,13.14,1.08,100.53,0.17,2025,24.11,29.6,20.25,9.35,280.79,48.97,11.82,0.01,2025,-72.61,26.34,26.86,26.73,23.85,19.28,13.58,25.84,2025,23.58,15.56,-1.91,-3.19,-0.46,-1.31,0.06
108.025131,34.300369,2025,8,23,235,2025-08-23,5.58,78.74,23.26,19.07,28.46,1.71,35.72,92.62,2025,21.16,19.89,1.6,3.37,4.37,0.77,0.17,96.67,2025,17.27,357,36.29,0.48,23.81,358.3,2.48,0.15,2025,2.82,22.96,0.47,14.98,8.57,0.57,3.95,1.05,2025,2.9,4.56,1.97,0.41,2.59,0.01,0.68,24.18,2025,5.88,0.63,10.46,0,0,0,NA,19.38,2025,0,NA,67.14,31.17,19.74,2.95,0.59,2.36,2025,0.75,5.26,4.6,0.06,-2.23,0.21,35.52,2.76,2025,0.07,1.21,0.91,0.75,0.49,97.56,95.42,25,2025,0,0.85,33.46,35.46,6.15,4.31,10.42,12.53,2025,17.23,3.74,0.18,0.33,3.68,2.18,0,0,2025,NA,NA,NA,5.38,0.2,NA,NA,NA,2025,86.44,0,0,0.13,14.44,1.08,100.64,0.17,2025,23.16,27.88,19.96,7.92,274.62,52.53,11.32,0.01,2025,-73.52,24.5,25.79,26.3,23.88,19.34,13.58,23.81,2025,18.64,11.43,0.08,-0.08,-1.55,-2.99,0.06
108.025131,34.300369,2025,8,24,236,2025-08-24,16.2,66.38,24,16.43,30.34,1.59,35.33,92.8,2025,20.21,18.19,49.6,3.06,11.88,3.83,0.16,85.34,2025,0.33,54.1,36.13,0.47,25.43,53,2.28,0.45,2025,7.48,23.54,0.47,12.71,12.15,0.46,4.58,0.95,2025,3.63,5.69,1.27,1,4.42,0.03,1.49,24.27,2025,5.97,0.65,10.56,0,0,0,NA,45.91,2025,0,NA,67.16,35.2,17.71,3.24,0.5,2.74,2025,0.64,4.25,4.68,-1.3,-0.98,0.61,37.06,7.11,2025,0.37,4.33,2.54,0.64,0.41,88.46,80.97,4.23,2025,0,0.88,32.82,37,5.5,5.06,9.15,14.39,2025,20.04,3.57,0.17,0.33,4.02,5.28,0,0,2025,NA,NA,NA,15.06,1.13,NA,NA,NA,2025,85.3,0,0,0.39,12.35,1.08,100.87,0.16,2025,23.69,29.26,18.49,10.77,288.34,40.43,11.58,0,2025,-72.02,25.31,25.35,25.8,23.87,19.4,13.59,25.43,2025,21.71,17.49,-0.94,-1.6,-0.68,-1.36,0.06
108.025131,34.300369,2025,8,25,237,2025-08-25,12.57,83.38,23.7,20.5,28.33,2.6,35.92,92.65,2025,22.1,20.64,67.6,4.92,9.58,2.4,0.16,96.31,2025,6.58,67.2,35.97,0.47,24.17,66.9,3.75,0.35,2025,6,23.32,0.47,16.37,7.69,0.51,5.43,2.43,2025,3,6.06,3.34,0.83,2.72,0.02,1.31,24.49,2025,6.19,0.65,10.74,0,0,0,NA,36.22,2025,0,NA,62.38,30.24,20.47,3.94,1.64,2.3,2025,0.6,5.36,3.03,-3.37,-1.44,0.42,37.29,5.78,2025,0.22,2.99,1.97,0.6,0.39,95.51,97.26,6.62,2025,0,0.78,34.19,37.25,5.65,5.1,9.38,13.94,2025,19.56,3.57,0.16,0.33,2.95,1.75,0,0,2025,NA,NA,NA,11.93,0.64,NA,NA,NA,2025,85.64,0,0,0.3,16.09,1.08,100.65,0.16,2025,23.56,28.05,20.72,7.33,279.43,53.39,11.66,0.01,2025,-71.88,24.62,25.26,25.47,23.83,19.46,13.59,24.17,2025,22.14,9.77,-2.34,-4.43,-0.98,-1.83,0.06
108.025131,34.300369,2025,8,26,238,2025-08-26,17.81,77.39,25.16,20.53,30.71,1.6,35.05,92.45,2025,22.84,20.53,113.5,3.82,13.01,4.92,0.17,97.61,2025,4.48,114.2,35.8,0.48,24.72,112.6,2.53,0.5,2025,8.19,23.13,0.47,16.42,10.18,0.49,4.19,0.31,2025,3.88,5.53,0.55,1.07,4.98,0.03,1.65,25.62,2025,7.32,0.65,10.49,0,0,0,NA,54.14,2025,0,NA,62.39,30.68,20.21,2.92,0.12,2.8,2025,0.57,4.65,3.08,-2.02,0.84,0.6,38.96,7.69,2025,0.5,4.8,2.99,0.57,0.37,97.45,97.78,1.76,2025,0,0.78,33.97,38.94,5.29,5.2,8.83,14.3,2025,20.25,3.76,0.18,0.32,2.07,1.64,0,0,2025,NA,NA,NA,16.4,1.4,NA,NA,NA,2025,83.17,0,0,0.43,15.81,1.07,100.43,0.17,2025,25.59,30.86,20.81,10.05,277.95,45.81,12.4,0.01,2025,-72.12,24.65,24.87,25.16,23.78,19.52,13.6,24.72,2025,25.63,10.47,-1.26,-2.98,0.57,1.3,0.06
108.025131,34.300369,2025,8,27,239,2025-08-27,12.89,73.27,25.15,19.66,31.12,1.87,36.08,92.49,2025,22.41,19.27,324.5,3.65,9.08,3.93,0.17,94.57,2025,9.96,322.4,35.63,0.48,25.42,324.1,2.75,0.36,2025,6.03,22.76,0.48,15.58,11.85,0.55,5.31,0.65,2025,4.66,7.26,0.65,0.82,6.61,0.02,1.35,25.2,2025,6.9,0.64,10.33,0,0,0,NA,41.29,2025,0,NA,62.42,34.52,19,3.57,0.35,3.22,2025,0.81,4.78,3.12,1.47,-2.03,0.44,39.24,5.58,2025,0.44,3.81,2.15,0.81,0.52,95.92,92.98,6.39,2025,0,0.78,33.93,39.19,5.37,4.95,9,13.76,2025,19.16,3.71,0.18,0.32,4.22,3.58,0,0,2025,NA,NA,NA,11.68,1.2,NA,NA,NA,2025,84.23,0,0,0.31,14.93,1.07,100.51,0.17,2025,25.27,30.28,19.44,10.84,271.75,49.59,11.17,0.01,2025,-74.27,25.61,25.26,24.96,23.72,19.57,13.6,25.41,2025,26.01,15.52,1.05,1.9,-1.36,-2.66,0.06
108.025131,34.300369,2025,8,28,240,2025-08-28,4.99,79.86,20.31,16.55,23.45,2.12,34.38,93.05,2025,18.43,17.49,351,4.78,3.84,0.81,0.16,99.25,2025,21.72,349.9,35.46,0.49,20.39,349.9,3.18,0.14,2025,2.52,22.55,0.51,12.69,5.96,0.65,4.62,1.5,2025,3.12,6.53,2.77,0.37,3.76,0.01,0.61,20.47,2025,2.17,0.64,10.09,0,0,0,NA,14.66,2025,0,NA,62.43,24.13,17.16,3.32,0.86,2.46,2025,0.89,4.21,3.17,0.54,-3.05,0.17,34.88,2.45,2025,0.06,1.15,0.8,0.89,0.58,98.79,99.8,26.3,2025,0,0.78,31.33,34.81,6.11,3.99,10.42,12.13,2025,16.97,3.68,0.18,0.32,3.12,1.53,0,0,2025,NA,NA,NA,4.79,0.2,NA,NA,NA,2025,85.59,0,0,0.12,12.21,1.1,101.24,0.16,2025,20.38,23.27,17.66,5.61,270.24,41.9,11.43,0.01,2025,-73.4,21.96,24.11,24.79,23.65,19.63,13.6,20.39,2025,17.41,6.97,0.36,0.73,-2.04,-4.6,0.06
108.025131,34.300369,2025,8,29,241,2025-08-29,6.42,81.99,19.24,15.92,22.52,1.08,33.49,93.35,2025,17.58,16.79,336.6,2.25,4.97,1,0.16,99.47,2025,10.99,339.6,35.29,0.49,19.48,337.6,1.55,0.18,2025,3.18,23.38,0.53,12.16,5.73,0.63,2.98,0.06,2025,2.92,4.76,0.09,0.47,4.67,0.01,0.75,19.65,2025,1.35,0.66,10.55,0,0,0,NA,18.97,2025,0,NA,62.45,24.75,16.25,2.12,0.04,2.08,2025,0.49,4.07,3.22,0.53,-1.29,0.22,34.19,3.07,2025,0.11,1.45,1.05,0.49,0.33,99.23,99.74,20.99,2025,0,0.81,30.65,34.12,5.13,5.42,8.67,14.71,2025,21.17,3.8,0.18,0.32,2.47,1.67,0,0,2025,NA,NA,NA,6.16,0.27,NA,NA,NA,2025,88.17,0,0,0.15,11.75,1.11,101.55,0.16,2025,19.23,22.1,16.95,5.15,279.99,40.67,12.42,0.01,2025,-68.49,20.6,22.49,24.26,23.57,19.68,13.61,19.48,2025,15.96,8.5,0.34,0.82,-0.91,-1.89,0.06
108.025131,34.300369,2025,8,30,242,2025-08-30,6.58,87.31,19.01,16.72,22.99,1.06,33,93.18,2025,17.86,16.55,78.9,2.39,5.44,0.3,0.17,91.85,2025,0.73,71.5,35.12,0.5,19.44,72.9,1.6,0.19,2025,3.26,24.11,0.53,12.8,6.44,0.55,2.97,0.49,2025,2.48,4.86,0.51,0.48,4.35,0.01,0.71,19.77,2025,1.47,0.69,11.07,0,0,0,NA,18.21,2025,0,NA,62.48,24.67,16.3,2.02,0.4,1.62,2025,0.27,3.9,3.27,-0.52,-0.16,0.23,34.99,3.24,2025,0.02,1.14,1.09,0.27,0.18,99.63,82.66,19.32,2025,0,0.85,30.69,34.93,4.37,6.7,7.18,16.92,2025,25.77,3.89,0.17,0.32,1.76,1.49,0,0,2025,NA,NA,NA,6.53,0.05,NA,NA,NA,2025,88.7,0,0,0.16,12.57,1.1,101.34,0.17,2025,18.98,22.6,16.74,5.86,284.5,37.84,12.07,0.01,2025,-68.02,20.18,21.65,23.63,23.46,19.72,13.61,19.44,2025,17.65,8.37,-0.32,-0.86,-0.11,-0.17,0.06
108.025131,34.300369,2025,8,31,243,2025-08-31,22.63,77.09,21.27,16.56,28.31,0.99,32.01,92.77,2025,18.92,15.61,152.2,2.3,7.43,22.12,0.15,30.61,2025,0.02,142.6,34.95,0.5,22.21,146.6,1.6,0.65,2025,10.15,24.64,0.52,12.74,12.7,0.51,2.96,0.29,2025,2.67,4.95,0.49,1.31,4.46,0.03,1.84,21.96,2025,3.66,0.7,11.02,0,0,0,NA,76.06,2025,0,NA,62.53,32.61,15.16,2.11,0.24,1.87,2025,0.22,2.46,3.32,-0.46,0.7,0.8,37.96,4.92,2025,5.23,15.2,3.17,0.21,0.14,32.96,27.84,3.38,2025,0,0.87,30.54,37.92,3.63,7.39,5.9,18.74,2025,29,3.47,0.15,0.32,3.99,6.17,0,0,2025,NA,NA,NA,9.13,13.49,NA,NA,NA,2025,86.95,0,0,0.54,12.33,1.09,100.85,0.15,2025,21.39,27.51,16.13,11.38,292.93,23.88,10.4,0,2025,-71.4,21.9,21.75,23.11,23.32,19.77,13.61,22.21,2025,23.59,17.45,-0.3,-0.6,0.39,1.14,0.06
108.025131,34.300369,2025,9,1,244,2025-09-01,25.25,68.3,22.84,15.98,30.4,1.7,30.83,92.43,2025,19.41,16.63,83.7,3.78,3.91,33,0.17,4.06,2025,0.13,89.7,34.79,0.49,22.82,86.2,2.57,0.73,2025,11.36,25.4,0.5,12.31,13.77,0.49,5.21,0.24,2025,4.97,7.92,0.35,1.46,7.57,0.04,2.09,23.52,2025,5.22,0.73,11.42,0,0,0,NA,79,2025,0,NA,62.56,32.94,14.06,3.54,0.16,3.38,2025,0.13,2.36,3.37,-2.08,-0.14,0.9,38.42,2.7,2025,8.66,21.34,3.97,0.13,0.09,5.11,2.82,2.35,2025,1,0.91,30.66,38.41,2.47,8.95,4.02,21.38,2025,33.32,4,0.17,0.32,4.4,6.55,0,0,2025,NA,NA,NA,4.59,20.66,NA,NA,NA,2025,86.06,0,0,0.61,11.91,1.08,100.45,0.17,2025,23.12,29.87,17.82,12.05,289.33,23.79,10.39,0,2025,-71.39,22.52,22.35,22.89,23.17,19.81,13.62,22.82,2025,24.59,18.88,-1.39,-3.03,-0.01,-0.34,0.06
108.025131,34.300369,2025,9,2,245,2025-09-02,4.21,85.03,20.29,17.65,23.95,1.99,33.91,92.44,2025,18.97,17.72,37.3,4.45,3.41,0.46,0.16,93.68,2025,7.42,44,34.62,0.49,20.18,41.6,3.09,0.12,2025,2.13,22.49,0.5,13.73,6.23,0.55,4.81,1.94,2025,2.87,5.91,2.33,0.32,3.58,0.01,0.45,20.83,2025,2.53,0.65,10.32,0,0,0,NA,7.33,2025,0,NA,62.61,25.33,16.34,3.41,0.94,2.47,2025,0.92,4.55,3.43,-1.38,-1.55,0.15,36.28,2.09,2025,0.04,0.8,0.64,0.92,0.6,99.49,86.81,22.32,2025,0,0.81,31.91,36.23,4.82,5.5,8.11,14.37,2025,20.79,3.41,0.17,0.32,1.75,0.95,0,0,2025,NA,NA,NA,4.11,0.1,NA,NA,NA,2025,88.13,0,0,0.1,13.47,1.09,100.47,0.16,2025,20.61,23.57,18.48,5.09,277.25,45.9,11.63,0.01,2025,-71.2,21.08,22.3,22.82,23.02,19.84,13.62,20.18,2025,20.33,8.99,-0.97,-1.63,-1,-2.14,0.06
108.025131,34.300369,2025,9,3,246,2025-09-03,7.64,82.74,20.26,17,24.9,1.44,34.17,92.59,2025,18.63,16.45,7.4,3.21,6.2,0.63,0.17,99.46,2025,4.52,34.2,34.45,0.5,20.72,25.8,2.19,0.22,2025,3.63,19.07,0.5,13.14,8.45,0.54,4.05,0.65,2025,3.4,4.82,0.72,0.48,4.1,0.01,0.69,20.68,2025,2.38,0.55,8.25,0,0,0,NA,19.25,2025,0,NA,62.63,27.53,15.95,2.85,0.52,2.33,2025,1.71,4.67,3.48,-0.39,-0.81,0.28,36.74,3.6,2025,0.03,1.45,1.23,1.71,1.11,99.23,99.73,12.85,2025,0,0.69,31.92,36.69,6.8,1.45,12.31,6.76,2025,9.35,2.99,0.17,0.32,2.36,1.95,0,0,2025,NA,NA,NA,7.51,0.13,NA,NA,NA,2025,87.57,0,0,0.18,12.86,1.09,100.63,0.17,2025,20.25,24.15,16.89,7.26,281.64,46.32,11.96,0.01,2025,-71.24,20.93,21.6,22.6,22.89,19.88,13.63,20.72,2025,21.19,11.58,-0.36,-0.17,-0.53,-1.31,0.06
108.025131,34.300369,2025,9,4,247,2025-09-04,5.42,90.25,21.56,19.81,25.39,2.75,35.78,92.39,2025,20.68,18.39,72.9,5.4,4.1,1.39,0.15,98.61,2025,26.25,74.1,34.27,0.5,21.93,73.6,4.02,0.16,2025,2.72,21.21,0.52,15.73,7,0.68,5.46,1.87,2025,3.59,6.59,3.58,0.39,3.01,0.01,0.6,21.89,2025,3.59,0.62,9.68,0,0,0,NA,16.68,2025,0,NA,62.66,26.93,18.11,3.84,1.1,2.74,2025,0.96,5.54,3.54,-3.79,-1.12,0.2,36.15,2.58,2025,0.14,1.32,0.82,0.96,0.63,98.4,98.86,24.05,2025,0,0.78,33.46,36.09,5.62,4.06,9.52,11.68,2025,16.38,3.25,0.17,0.32,2.75,1.61,0,0,2025,NA,NA,NA,5.03,0.39,NA,NA,NA,2025,87.46,0,0,0.13,15.51,1.09,100.36,0.15,2025,21.46,24.91,18.62,6.29,279.56,55.73,11.05,0.01,2025,-73.62,21.68,21.72,22.4,22.75,19.9,13.63,21.93,2025,19.98,8.82,-2.61,-5.06,-0.74,-1.56,0.06
108.025131,34.300369,2025,9,5,248,2025-09-05,2.67,86.57,18.22,15.87,20.5,3.25,32.72,92.96,2025,17.05,14.7,334.4,6.9,2.15,0.22,0.15,98.44,2025,41.21,333.5,34.08,0.53,18.07,332.7,4.84,0.08,2025,1.41,19.11,0.6,12.26,5.8,0.78,9.41,1.27,2025,8.14,12.98,1.75,0.2,11.23,0,0.27,17.6,2025,0,0.56,8.35,0,0,0.7,NA,6.05,2025,0,NA,62.71,20.53,14.15,6.35,0.84,5.51,2025,1.22,4.78,3.6,1.36,-2.64,0.1,34.04,1.4,2025,0.01,0.51,0.39,1.22,0.82,98.67,98.18,33.37,2025,0,0.71,30.86,34,6.8,1.55,12.76,6.35,2025,10.17,3,0.17,0.32,2.78,0.87,0,0,2025,NA,NA,NA,2.61,0.06,NA,NA,NA,2025,87.03,0,0,0.06,11.95,1.1,101.08,0.15,2025,18.33,20.7,15.24,5.46,277.69,46.87,11.52,0.01,2025,-76.82,19.75,21.47,22.28,22.62,19.93,13.63,18.07,2025,15.69,6.38,0.92,1.66,-1.84,-3.45,0.06
108.025131,34.300369,2025,9,6,249,2025-09-06,21.22,72.73,18.5,13.04,24.47,1.12,29.87,93.08,2025,15.77,11.86,358.7,2.42,9.15,18.46,0.15,57.28,2025,0.12,56.5,33.9,0.53,18.38,47.9,1.76,0.63,2025,9.5,23.91,0.61,10.11,12.61,0.62,3.05,0.47,2025,2.58,4.05,0.64,1.23,3.41,0.03,1.77,18.16,2025,0,0.71,10.68,0,0,0.14,NA,70.74,2025,0,NA,62.71,27.82,10.7,2.2,0.32,1.88,2025,0.24,2.54,3.66,-0.18,-0.16,0.79,35.78,5.55,2025,3.96,12.08,3.06,0.24,0.19,53.71,61.5,1.41,2025,0,0.89,28.42,35.75,3.37,7.31,6.18,17.73,2025,26.99,3.43,0.16,0.32,3.65,4.79,0,0,2025,NA,NA,NA,11.6,9.61,NA,NA,NA,2025,87.93,0,0,0.51,9.51,1.1,101.19,0.15,2025,18.9,23.8,13.02,10.78,281.69,24.34,10.83,0,2025,-75.27,18.86,20.08,21.91,22.49,19.95,13.64,18.38,2025,19.31,17.12,-0.23,0,-0.15,-0.15,0.06
108.025131,34.300369,2025,9,7,250,2025-09-07,14.3,80.9,19.21,15.71,22.79,0.93,33.13,92.82,2025,17.46,15.68,9,2.1,9.69,5.05,0.15,93.35,2025,6.14,37.2,33.71,0.53,19.37,24.6,1.49,0.42,2025,6.71,22.5,0.59,12.08,7.11,0.63,2.41,0.7,2025,1.71,3.05,1.02,0.9,2.03,0.02,1.42,19.23,2025,0.93,0.67,10.32,0,0,0,NA,54.62,2025,0,NA,62.74,25.64,15.37,1.81,0.39,1.42,2025,0.38,3.93,3.72,-0.3,-0.65,0.54,35.33,5.86,2025,0.85,4.62,2.14,0.38,0.28,91.13,95.97,10.57,2025,0,0.85,30.72,35.28,3.89,6.43,6.91,15.6,2025,23.14,3.31,0.16,0.32,2.38,2.52,0,0,2025,NA,NA,NA,12.25,2.05,NA,NA,NA,2025,83.85,0,0,0.34,11.48,1.1,100.89,0.15,2025,19.44,22.42,16.12,6.3,278.41,40.61,11.74,0.01,2025,-71.7,19.53,20.16,21.54,22.34,19.97,13.64,19.37,2025,18.23,10.27,-0.32,-0.15,-0.42,-0.93,0.06
108.025131,34.300369,2025,9,8,251,2025-09-08,22.21,78.36,20.5,16.26,25.89,1.33,31.37,92.85,2025,18.38,15.33,73.6,2.9,6.14,23.08,0.15,35.24,2025,0.23,85.8,33.52,0.53,20.74,79,2.12,0.66,2025,9.93,22.51,0.58,12.5,10.56,0.59,3.17,1.1,2025,2.07,3.86,1.04,1.26,2.82,0.03,1.8,20.61,2025,2.31,0.67,10.06,0,0,0,NA,76.09,2025,0,NA,62.78,29.48,14.09,2.41,0.75,1.66,2025,0.44,2.98,3.79,-1.12,-0.22,0.85,37.84,4.14,2025,5.79,16.08,2.97,0.43,0.3,15.97,58.02,3.62,2025,0,0.86,30.42,37.82,4.1,5.95,7.09,15.43,2025,23.12,3,0.15,0.32,4.32,5.94,0,0,2025,NA,NA,NA,7.31,14.89,NA,NA,NA,2025,86.29,0,0,0.53,12.02,1.09,100.95,0.15,2025,21,24.99,16.77,8.22,282.87,29.2,11.25,0.01,2025,-72.25,20.56,20.45,21.32,22.19,19.99,13.65,20.74,2025,23.32,15.39,-0.79,-1.4,-0.06,-0.41,0.06
108.025131,34.300369,2025,9,9,252,2025-09-09,19.39,81.73,20.4,17.01,25.28,1.15,32.78,92.86,2025,18.7,15.88,66,2.42,10.44,11.83,0.15,86.5,2025,1.02,68.8,33.33,0.53,20.44,66.7,1.77,0.58,2025,8.87,22.75,0.56,13.12,9.4,0.58,3.04,1.09,2025,1.95,3.95,1.63,1.16,2.32,0.03,1.72,20.58,2025,2.28,0.68,10.32,0,0,0,NA,63.32,2025,0,NA,62.81,27.88,14.14,2.13,0.57,1.56,2025,0.39,3.6,3.86,-1.49,-0.64,0.75,37.03,6.5,2025,2.37,8.96,2.72,0.39,0.26,77.58,97.03,2.67,2025,0,0.88,31,36.99,3.9,6.42,6.48,16.27,2025,24.49,3.2,0.16,0.32,2.79,3.46,0,0,2025,NA,NA,NA,13.41,5.98,NA,NA,NA,2025,87.7,0,0,0.47,12.75,1.09,100.93,0.15,2025,20.67,24.58,16.91,7.67,279.94,37.51,10.78,0,2025,-71.79,20.43,20.7,21.26,22.05,20,13.65,20.44,2025,21.82,13.74,-0.98,-2.01,-0.38,-0.9,0.06
108.025131,34.300369,2025,9,10,253,2025-09-10,7.11,86.14,20.97,18.44,26.03,1.6,34.89,92.77,2025,19.7,17.45,69.1,3.43,5.67,0.99,0.15,98.32,2025,2.11,72.7,33.15,0.53,21.27,70.9,2.41,0.21,2025,3.48,21.03,0.55,14.38,8.58,0.57,3.32,1.07,2025,2.25,4.65,1.7,0.5,2.95,0.01,0.75,21.74,2025,3.44,0.63,9.54,0,0,0,NA,23.84,2025,0,NA,62.85,28.33,16.73,2.52,0.51,2.01,2025,0.74,4.67,3.93,-2.19,-0.76,0.28,35.8,3.4,2025,0.08,1.44,1.09,0.74,0.49,98.87,97.65,15.58,2025,0,0.82,32.35,35.74,5.25,4.29,8.94,12.09,2025,17.9,3.22,0.17,0.32,2.51,2.61,0,0,2025,NA,NA,NA,6.89,0.22,NA,NA,NA,2025,88.82,0,0,0.17,14.06,1.09,100.82,0.16,2025,21.04,25.4,18.05,7.35,277.11,48.55,10.73,0,2025,-72.11,21.05,20.94,21.24,21.92,20.01,13.66,21.27,2025,19.31,11.6,-1.47,-3.06,-0.46,-1.17,0.06
108.025131,34.300369,2025,9,11,254,2025-09-11,4.77,92.86,19.97,18.76,23.11,2.24,34.32,92.76,2025,19.36,17.02,59.2,4.61,3.92,0.22,0.15,99.46,2025,18.32,60.4,32.96,0.54,20.06,60.1,3.28,0.14,2025,2.41,20.37,0.57,14.68,6.09,0.67,4.46,1.83,2025,2.63,6.23,3.47,0.34,2.76,0.01,0.52,20.07,2025,1.77,0.62,9.21,0,0,0,NA,13.39,2025,0,NA,62.9,23.89,16.8,3.09,1.03,2.06,2025,0.7,4.85,4,-2.81,-1.62,0.19,35.14,2.39,2025,0.01,0.85,0.73,0.7,0.47,99.64,99.25,20.12,2025,0,0.8,32.09,35.09,5.96,3.25,10.18,10.19,2025,15.25,3.14,0.17,0.32,1.78,0.73,0,0,2025,NA,NA,NA,4.72,0.05,NA,NA,NA,2025,88.14,0,0,0.11,14.49,1.09,100.83,0.15,2025,19.97,22.83,17.1,5.73,273.12,49.43,11.17,0,2025,-72.76,20.55,21.04,21.27,21.8,20.02,13.66,20.06,2025,17.96,7.09,-1.93,-3.92,-1.09,-2.33,0.06
108.025131,34.300369,2025,9,12,255,2025-09-12,12.55,83.8,20.63,17.54,26.9,0.98,34.64,92.83,2025,19.08,15.49,105.8,2.17,7.74,6.89,0.15,77.15,2025,1.3,104.3,32.77,0.54,21.5,104.6,1.51,0.38,2025,5.79,21.95,0.57,13.59,11.41,0.59,2.74,0.26,2025,2.48,4.24,0.34,0.79,3.9,0.02,1.16,21.2,2025,2.9,0.67,9.93,0,0,0,NA,41.61,2025,0,NA,62.94,30.8,14.98,1.97,0.18,1.79,2025,0.38,3.35,4.08,-1.28,0.33,0.5,36.42,4.82,2025,0.97,4.82,1.87,0.38,0.26,86.45,66.16,11.47,2025,0,0.87,31.13,36.34,4.05,5.87,6.91,15.04,2025,22.78,3.22,0.16,0.31,3.95,5.19,0,0,2025,NA,NA,NA,10.07,2.49,NA,NA,NA,2025,85.2,0,0,0.3,13.2,1.09,100.89,0.15,2025,20.63,26.1,15.8,10.3,276.93,32.82,11.02,0,2025,-73.33,21.19,20.88,21.23,21.7,20.02,13.66,21.5,2025,20.45,15.82,-0.84,-1.79,0.21,0.51,0.06
108.025131,34.300369,2025,9,13,256,2025-09-13,16.25,81.17,22.17,18.45,28.57,1.13,34.64,92.69,2025,20.31,17.06,85.2,2.38,9.49,9.41,0.15,63.54,2025,0.95,86.3,32.57,0.54,22.39,85.2,1.69,0.5,2025,7.44,22.09,0.55,14.39,11.51,0.56,3.32,0.12,2025,3.2,5.68,0.16,0.97,5.52,0.02,1.39,22.82,2025,4.52,0.68,9.91,0,0,0,NA,51.82,2025,0,NA,62.94,31.68,15.69,2.27,0.08,2.19,2025,0.29,2.75,4.15,-1.6,-0.13,0.65,37.08,5.9,2025,1.54,6.77,2.3,0.29,0.21,68.55,57.63,10.06,2025,0,0.89,31.23,37,3.9,6.02,6.75,15.33,2025,23.86,3.06,0.15,0.31,4.08,5.62,0,0,2025,NA,NA,NA,12.27,3.98,NA,NA,NA,2025,87.01,0,0,0.39,14,1.09,100.71,0.15,2025,22.31,28.05,17.64,10.41,278.78,29.33,10.99,0,2025,-70.94,21.89,21.36,21.26,21.61,20.03,13.67,22.39,2025,21.86,15.99,-1.07,-2.22,-0.07,-0.19,0.06
108.025131,34.300369,2025,9,14,257,2025-09-14,21.29,78.98,23.18,18.98,29.57,1.41,33.05,92.61,2025,21.08,17.96,78.4,3.31,6.32,22.58,0.15,22.65,2025,0,87.6,32.38,0.54,23.43,82.1,2.17,0.66,2025,9.65,21.97,0.54,14.89,11.61,0.54,3.69,0.46,2025,3.23,6.56,0.59,1.22,5.97,0.03,1.71,23.77,2025,5.47,0.68,9.94,0,0,0,NA,71.47,2025,0,NA,62.98,32.17,16.44,2.56,0.32,2.24,2025,0.31,3.09,4.23,-1.57,-0.22,0.87,38.09,4.11,2025,5.55,14.99,2.97,0.31,0.22,16.99,29.35,2.7,2025,0,0.89,32.31,38.07,3.6,6.34,6.24,15.73,2025,24.39,3.06,0.15,0.31,3.91,5.84,0,0,2025,NA,NA,NA,7.55,13.74,NA,NA,NA,2025,84.2,0,0,0.51,14.5,1.08,100.64,0.15,2025,23.38,29.07,18.87,10.2,278.39,32.07,11.34,0,2025,-71.51,22.79,21.96,21.39,21.53,20.03,13.67,23.43,2025,23.93,15.73,-1.07,-2.36,-0.05,-0.48,0.06
108.025131,34.300369,2025,9,15,258,2025-09-15,18.42,84.45,23.3,20.28,29.19,1.1,34.24,92.59,2025,21.79,18.7,50.3,2.79,8.92,12.35,0.14,76.09,2025,2.9,52.8,32.18,0.54,23.25,51.5,1.84,0.57,2025,8.38,20.8,0.53,16.18,10.49,0.55,3.12,1.16,2025,1.96,5.28,1.24,1.07,4.04,0.03,1.51,23.95,2025,5.65,0.65,9.36,0,0,0,NA,66.24,2025,0,NA,63.03,30.77,17.69,2.29,0.57,1.72,2025,0.51,3.85,4.31,-1.34,-1.07,0.76,39.43,5.65,2025,2.73,9.51,2.38,0.51,0.34,62.58,92.06,3.38,2025,0,0.86,33.04,39.4,4.65,4.71,7.77,13.04,2025,19.64,2.72,0.15,0.31,2.46,3,0,0,2025,NA,NA,NA,11.09,7.33,NA,NA,NA,2025,85.76,0,0,0.44,15.75,1.08,100.58,0.14,2025,23.69,28.75,19.41,9.34,278.96,39.25,11.86,0,2025,-70.49,22.83,22.35,21.6,21.47,20.03,13.68,23.25,2025,26.51,13.08,-0.81,-1.98,-0.61,-1.65,0.06
108.025131,34.300369,2025,9,16,259,2025-09-16,6.26,88.39,21.64,19.56,24.2,1.68,35.18,92.79,2025,20.6,18.94,36.1,3.68,5.14,0.53,0.16,95.24,2025,15.3,44.4,31.98,0.54,21.62,43.6,2.54,0.2,2025,3.07,19.35,0.55,15.42,5.26,0.65,4.63,0.57,2025,4.06,5.55,0.86,0.43,4.69,0.01,0.62,21.57,2025,3.27,0.61,8.68,0,0,0,NA,17.36,2025,0,NA,63.04,25.54,18.64,3.32,0.31,3.01,2025,0.89,4.74,4.39,-0.92,-0.97,0.26,37.34,3.04,2025,0.03,1.12,0.97,0.89,0.58,95.79,94.6,19.5,2025,0,0.81,32.9,37.29,6.2,2.48,10.61,8.74,2025,13.23,3,0.17,0.31,2.27,1.38,0,0,2025,NA,NA,NA,6.13,0.12,NA,NA,NA,2025,88.53,0,0,0.15,15.08,1.09,100.87,0.16,2025,21.76,23.94,19.18,4.76,275.44,47.61,11.76,0,2025,-71.66,22.18,22.42,21.79,21.44,20.03,13.68,21.62,2025,22.43,6.9,-0.63,-1.11,-0.65,-1.52,0.06
108.025131,34.300369,2025,9,17,260,2025-09-17,3.77,87.48,17.34,15.13,20.04,2.75,33.14,93.35,2025,16.23,14.53,41.1,5.65,2.92,0.76,0.15,99.22,2025,9.96,41.2,31.77,0.55,17.39,41,4.05,0.12,2025,1.95,20.28,0.56,11.59,5.51,0.63,5.88,1.54,2025,4.34,7.21,3.17,0.29,4.04,0.01,0.42,17.29,2025,0,0.64,9.14,0,0,1.01,NA,10.72,2025,0,NA,63.06,21.29,14.32,4.2,0.81,3.39,2025,0.69,3.93,4.48,-2.14,-2.46,0.16,33.56,1.88,2025,0.07,0.85,0.56,0.69,0.46,98.79,99.72,34.55,2025,0,0.86,30.03,33.49,5.27,3.87,9.05,11.24,2025,17.01,3.12,0.17,0.31,2.02,0.87,0,0,2025,NA,NA,NA,3.58,0.19,NA,NA,NA,2025,87.94,0,0,0.09,11.39,1.11,101.59,0.15,2025,17.34,19.61,14.63,4.98,274.91,38.7,11.92,0,2025,-71.3,19.13,21.16,21.77,21.41,20.03,13.69,17.39,2025,14.61,6.97,-1.46,-3.03,-1.67,-3.48,0.06
108.025131,34.300369,2025,9,18,261,2025-09-18,2.52,93.27,13.76,12.68,14.84,3.73,31.02,93.26,2025,13.22,12.32,54.8,7.11,1.86,0.77,0.15,97.62,2025,47.69,54.3,31.57,0.57,13.85,54.2,5.45,0.08,2025,1.32,19.94,0.61,9.85,2.52,0.81,8.96,2.94,2025,6.02,10.88,4.26,0.2,6.62,0,0.28,13.58,2025,0,0.63,8.94,0,0,4.72,NA,9.8,2025,0,NA,63.12,15.67,12.18,6.21,1.98,4.23,2025,0.76,3.97,4.57,-4.35,-3.14,0.11,30.88,1.24,2025,0.08,0.66,0.36,0.76,0.51,98.5,96.57,38.33,2025,0,0.85,28.32,30.82,6.06,2.88,10.52,9.42,2025,14.26,3.08,0.17,0.31,1.67,0.18,0,0,2025,NA,NA,NA,2.28,0.24,NA,NA,NA,2025,89.86,0,0,0.06,9.72,1.13,101.53,0.15,2025,13.72,14.53,12.37,2.16,264.72,40.23,12.48,0,2025,-70.88,15.83,18.96,21.31,21.38,20.03,13.69,13.85,2025,8.68,3.49,-2.99,-5.72,-2.15,-4.04,0.06
108.025131,34.300369,2025,9,19,262,2025-09-19,10.68,84.49,13.97,11.2,18.97,1.05,30.62,93.33,2025,12.59,11.2,102.6,2.19,8.21,1.55,0.16,75.16,2025,0.35,100.5,31.36,0.58,14.79,104.7,1.58,0.34,2025,4.75,18.72,0.64,8.91,7.77,0.66,2.49,0.71,2025,1.78,3.69,0.94,0.6,2.75,0.01,0.87,15.08,2025,0,0.6,7.87,0,0,3.22,NA,32.76,2025,0,NA,63.1,22.79,9.87,1.95,0.41,1.54,2025,0.85,2.05,4.66,-0.97,0.25,0.46,33.03,4.67,2025,0.09,2.48,1.6,0.85,0.56,87.96,60.02,12.43,2025,0,0.81,26.94,32.95,5.44,2.43,9.97,8.75,2025,13.51,2.79,0.17,0.31,2.38,2.19,0,0,2025,NA,NA,NA,10.23,0.45,NA,NA,NA,2025,84.34,0,0,0.26,8.65,1.13,101.62,0.16,2025,13.96,18.22,11.3,6.92,274.61,20.18,10.89,0,2025,-72.3,15.78,17.58,20.53,21.3,20.02,13.69,14.79,2025,13.37,12.92,-0.72,-1.2,0.13,0.27,0.06
108.025131,34.300369,2025,9,20,263,2025-09-20,11.96,88.38,14.84,12.87,19.52,2.06,31.52,93.19,2025,13.86,9.73,59.9,4.59,7.04,7.82,0.15,78.79,2025,3.56,65,31.16,0.58,15.08,62.7,3.15,0.38,2025,5.51,21.2,0.62,10.03,9.79,0.64,5.05,1.5,2025,3.55,5.91,2.49,0.76,3.42,0.02,1.13,14.62,2025,0,0.68,9.57,0,0,3.67,NA,46.36,2025,0,NA,63.15,21.79,8.82,3.71,0.69,3.02,2025,0.37,2.98,4.75,-2.67,-1.37,0.52,34.7,4.31,2025,1.2,4.93,1.76,0.37,0.26,86.54,69.62,11.5,2025,0,0.93,28.17,34.62,3.31,6.26,5.7,15.5,2025,24.49,3.09,0.16,0.31,2.03,1.56,0,0,2025,NA,NA,NA,9.02,2.93,NA,NA,NA,2025,88.42,0,0,0.29,9.85,1.12,101.4,0.15,2025,14.96,19.04,10.71,8.33,275.35,30.79,10.71,0,2025,-75.01,15.42,17.04,19.85,21.17,20.02,13.7,15.08,2025,17.04,12.97,-1.79,-3.77,-0.83,-2.19,0.06
108.025131,34.300369,2025,9,21,264,2025-09-21,2.4,93.32,14.47,13.38,15.93,3.25,31.82,93.2,2025,13.93,12.93,65.7,6.27,1.81,0.7,0.15,99.28,2025,26.85,65.7,30.96,0.59,14.49,65.6,4.75,0.08,2025,1.27,19.52,0.64,10.32,3,0.76,7.04,1.92,2025,5.12,8.75,3.07,0.19,5.68,0.01,0.29,14.43,2025,0,0.63,8.79,0,0,3.87,NA,7.75,2025,0,NA,63.21,16.56,12.78,4.88,1.26,3.62,2025,0.88,4.12,4.85,-4.31,-1.95,0.11,32.51,1.2,2025,0.07,0.59,0.34,0.88,0.59,98.86,99.78,42.21,2025,0,0.86,28.74,32.44,5.27,3.51,9.16,10.36,2025,15.19,3.01,0.17,0.31,1.41,0.25,0,0,2025,NA,NA,NA,2.2,0.2,NA,NA,NA,2025,90.15,0,0,0.06,10.2,1.12,101.47,0.15,2025,14.47,15.8,13.01,2.79,262.43,41.57,10.17,0,2025,-76.55,15.51,17.1,19.35,21.02,20.01,13.7,14.49,2025,12.35,3.78,-2.95,-5.68,-1.33,-2.56,0.06
108.025131,34.300369,2025,9,22,265,2025-09-22,3.89,92.15,13.99,12.69,17.34,1.8,31.38,93.39,2025,13.34,12.18,64.9,3.54,3.22,0.13,0.16,99.76,2025,3.98,68.5,30.76,0.59,14.3,67.3,2.6,0.13,2025,1.95,19.21,0.64,9.84,5.16,0.68,4.36,1.24,2025,3.12,5.36,2.17,0.28,3.19,0.01,0.44,14.76,2025,0,0.62,8.49,0,0,3.54,NA,12.26,2025,0,NA,63.24,19.16,12.04,3.02,0.68,2.34,2025,0.72,3.49,4.95,-2.29,-0.96,0.17,32.37,1.94,2025,0.01,0.67,0.59,0.72,0.48,99.79,99.73,27.04,2025,0,0.86,28.21,32.3,5.24,3.24,9.12,10.09,2025,15.52,2.98,0.17,0.31,1.3,0.52,0,0,2025,NA,NA,NA,3.86,0.03,NA,NA,NA,2025,86.94,0,0,0.09,9.69,1.13,101.65,0.16,2025,13.91,16.94,12.24,4.7,266.62,34.2,11.35,0,2025,-72.16,15.07,16.56,18.93,20.85,20,13.71,14.3,2025,12.04,7.12,-1.6,-3.03,-0.63,-1.42,0.06
108.025131,34.300369,2025,9,23,266,2025-09-23,12.75,83.21,15.71,12.63,21.69,0.89,30.38,93.38,2025,14.17,11.94,163.5,2.57,8.39,6.28,0.16,68.06,2025,14.06,143.9,30.56,0.6,16.12,160.9,1.53,0.42,2025,5.89,20.53,0.65,9.81,9.75,0.73,2.66,0.07,2025,2.59,5.47,0.36,0.79,5.11,0.02,1.2,16.82,2025,0,0.67,9.23,0,0,1.48,NA,48.96,2025,0,NA,63.32,24.74,11.05,1.6,0.06,1.54,2025,0.24,2.84,5.05,-0.1,0.3,0.58,34.15,5.1,2025,0.79,4.35,1.83,0.24,0.16,81.77,51.86,9.02,2025,0,0.93,28.1,34.1,3.98,5.24,6.62,13.9,2025,23.28,2.94,0.16,0.31,2.74,2.3,0,0,2025,NA,NA,NA,10.6,2.15,NA,NA,NA,2025,85.95,0,0,0.31,9.45,1.12,101.67,0.16,2025,15.99,21.07,12.1,8.97,271.46,26.78,11.86,0,2025,-68.78,16.22,16.63,18.57,20.67,19.99,13.71,16.12,2025,15.91,13.69,-0.07,-0.14,0.1,0.46,0.06
108.025131,34.300369,2025,9,24,267,2025-09-24,19.63,76.06,16.12,11.59,22.45,1.43,28.17,93.18,2025,13.85,10.85,88.9,3.24,5.95,22.53,0.15,24.64,2025,0.22,93.7,30.34,0.6,15.8,90.1,2.29,0.65,2025,8.66,22.31,0.63,9.18,11.6,0.64,3.75,0.78,2025,2.97,5.32,0.64,1.12,4.68,0.03,1.55,16.65,2025,0,0.74,9.78,0,0,1.65,NA,71.73,2025,0,NA,63.33,25.82,8.22,2.79,0.6,2.19,2025,0.15,1.26,5.15,-1.39,0,0.9,34.89,3.64,2025,5.02,13.68,2.76,0.15,0.11,34.83,12.6,2.65,2025,0,NA,26.52,34.86,2.3,7.48,3.95,18.36,2025,30.9,3.14,0.16,0.3,3.47,4.02,0,0,2025,NA,NA,NA,7.39,12.24,NA,NA,NA,2025,86.7,0,0,0.47,8.84,1.11,101.41,0.15,2025,16.8,21.57,12.56,9.01,276.34,12.45,11.58,0,2025,-69.87,16.19,16.88,18.39,20.48,19.97,13.72,15.79,2025,17.54,17.6,-0.9,-1.92,0.06,-0.04,0.06
108.025131,34.300369,2025,9,25,268,2025-09-25,19.78,78.5,15.78,11.63,22.4,1.63,29.38,93.38,2025,13.7,9.51,60.9,3.99,6.91,21.38,0.15,41.88,2025,0.05,68.8,30.13,0.6,15.81,63.8,2.66,0.66,2025,8.74,21.93,0.61,9.19,12.89,0.62,3.91,1.19,2025,2.72,6.22,1.83,1.12,4.39,0.03,1.61,15.96,2025,0,0.73,9.62,0,0,2.34,NA,68.57,2025,0,NA,63.36,25.68,7.43,2.83,0.68,2.15,2025,0.21,1.52,5.25,-2.17,-1.07,0.92,34.76,4.21,2025,4.53,12.87,2.77,0.21,0.14,41.47,42.36,5.05,2025,0,NA,26.72,34.7,2.42,7.2,4.14,17.79,2025,29.61,3.04,0.16,0.3,3.33,4.05,0,0,2025,NA,NA,NA,8.66,11.13,NA,NA,NA,2025,88.23,0,0,0.48,8.87,1.12,101.6,0.15,2025,16.36,21.61,11.5,10.11,268.24,15.3,10.99,0,2025,-73.29,16.03,16.8,18.26,20.31,19.95,13.72,15.81,2025,17.2,18.25,-1.4,-3.15,-0.55,-1.75,0.06
